Time,root.ChinaTown.d0.s0
0,573
1,375
2,301
3,212
4,55
5,34
6,25
7,33
8,113
9,143
10,303
11,615
12,1226
13,1281
14,1221
15,1081
16,866
17,1096
18,1039
19,975
20,746
21,581
22,409
23,182
24,394
25,264
26,140
27,144
28,104
29,28
30,28
31,25
32,70
33,153
34,401
35,649
36,1216
37,1399
38,1249
39,1240
40,1109
41,1137
42,1290
43,1137
44,791
45,638
46,597
47,316
48,603
49,348
50,176
51,177
52,47
53,30
54,40
55,42
56,101
57,180
58,401
59,777
60,1344
61,1573
62,1408
63,1243
64,1141
65,1178
66,1256
67,1114
68,814
69,635
70,304
71,168
72,428
73,309
74,199
75,117
76,82
77,43
78,24
79,64
80,152
81,183
82,408
83,797
84,1288
85,1491
86,1523
87,1460
88,1365
89,1520
90,1700
91,1797
92,1596
93,1139
94,910
95,640
96,372
97,310
98,203
99,133
100,65
101,39
102,27
103,36
104,107
105,139
106,329
107,651
108,990
109,1027
110,1041
111,971
112,1104
113,844
114,1023
115,1019
116,862
117,643
118,591
119,452
120,448
121,344
122,183
123,146
124,71
125,14
126,30
127,41
128,108
129,137
130,277
131,576
132,1010
133,1271
134,1264
135,1062
136,1093
137,1030
138,1069
139,1151
140,898
141,754
142,467
143,362
144,621
145,322
146,221
147,150
148,65
149,40
150,42
151,84
152,148
153,190
154,341
155,685
156,1162
157,1391
158,1367
159,1279
160,1318
161,1336
162,1440
163,1479
164,1417
165,1347
166,1003
167,803
168,597
169,409
170,142
171,93
172,48
173,30
174,34
175,87
176,132
177,157
178,389
179,1024
180,1648
181,1768
182,1703
183,1706
184,1520
185,1562
186,1608
187,1766
188,1533
189,1441
190,1252
191,964
192,525
193,431
194,248
195,240
196,91
197,64
198,29
199,117
200,200
201,236
202,456
203,717
204,1331
205,1609
206,1563
207,1398
208,1465
209,1459
210,1631
211,1891
212,1847
213,1731
214,1375
215,1188
216,587
217,382
218,165
219,192
220,130
221,44
222,21
223,35
224,73
225,132
226,299
227,639
228,1110
229,1320
230,1208
231,1069
232,1070
233,1164
234,1547
235,1575
236,1503
237,1139
238,1066
239,776
240,144
241,73
242,21
243,16
244,10
245,12
246,26
247,100
248,177
249,220
250,371
251,599
252,1280
253,1346
254,1461
255,1367
256,1319
257,1205
258,1250
259,1269
260,981
261,806
262,550
263,320
264,141
265,63
266,51
267,14
268,16
269,14
270,28
271,103
272,172
273,205
274,442
275,601
276,1165
277,1228
278,912
279,872
280,847
281,1227
282,1561
283,1611
284,1386
285,1007
286,810
287,680
288,67
289,67
290,107
291,14
292,11
293,19
294,18
295,75
296,185
297,223
298,298
299,571
300,1044
301,1107
302,872
303,765
304,824
305,1032
306,1237
307,1084
308,759
309,543
310,377
311,168
312,69
313,54
314,35
315,6
316,7
317,15
318,19
319,76
320,212
321,238
322,364
323,717
324,1223
325,1166
326,994
327,931
328,929
329,1093
330,1275
331,1161
332,1083
333,726
334,441
335,241
336,142
337,104
338,55
339,33
340,51
341,13
342,36
343,77
344,185
345,222
346,437
347,739
348,1326
349,1372
350,979
351,942
352,1019
353,1250
354,1663
355,1781
356,1513
357,1188
358,1000
359,638
360,256
361,171
362,104
363,67
364,51
365,26
366,25
367,41
368,170
369,192
370,334
371,801
372,1341
373,1468
374,1395
375,1221
376,1168
377,1284
378,1400
379,1321
380,1099
381,791
382,498
383,272
384,130
385,68
386,52
387,23
388,10
389,16
390,28
391,128
392,226
393,271
394,402
395,652
396,1282
397,1353
398,1084
399,1124
400,920
401,1063
402,1160
403,1184
404,893
405,720
406,541
407,304
408,78
409,60
410,51
411,17
412,10
413,12
414,22
415,73
416,172
417,186
418,318
419,414
420,1003
421,1153
422,981
423,846
424,872
425,1051
426,1200
427,1276
428,1004
429,841
430,525
431,315
432,95
433,63
434,45
435,26
436,3
437,23
438,28
439,108
440,209
441,241
442,372
443,549
444,1206
445,1223
446,1156
447,1102
448,1083
449,1107
450,1109
451,1193
452,900
453,660
454,442
455,226
456,82
457,93
458,51
459,28
460,39
461,17
462,30
463,138
464,225
465,261
466,358
467,621
468,1074
469,1176
470,914
471,858
472,830
473,928
474,954
475,871
476,730
477,506
478,262
479,150
480,501
481,328
482,195
483,218
484,67
485,17
486,28
487,72
488,132
489,215
490,406
491,765
492,1207
493,1427
494,1234
495,1238
496,1107
497,1190
498,1255
499,1144
500,905
501,690
502,386
503,192
504,880
505,752
506,913
507,863
508,402
509,112
510,60
511,112
512,119
513,186
514,365
515,596
516,990
517,1193
518,1040
519,1063
520,1009
521,1025
522,1089
523,979
524,706
525,585
526,356
527,187
528,493
529,389
530,174
531,121
532,82
533,36
534,27
535,64
536,127
537,203
538,415
539,747
540,1164
541,1414
542,1520
543,1295
544,1265
545,1430
546,1637
547,1697
548,1456
549,1319
550,1179
551,848
552,616
553,323
554,162
555,166
556,68
557,26
558,34
559,68
560,123
561,263
562,815
563,1611
564,1823
565,2019
566,1763
567,1728
568,1568
569,1439
570,1431
571,1282
572,1078
573,857
574,498
575,248
576,389
577,276
578,161
579,124
580,35
581,26
582,51
583,75
584,71
585,126
586,225
587,496
588,968
589,1128
590,1117
591,993
592,819
593,879
594,998
595,1057
596,1014
597,987
598,836
599,680
600,548
601,384
602,245
603,147
604,101
605,40
606,30
607,66
608,77
609,209
610,380
611,650
612,1229
613,1527
614,1456
615,1333
616,1326
617,1293
618,1582
619,1713
620,1490
621,1270
622,1206
623,752
624,369
625,297
626,171
627,108
628,90
629,47
630,37
631,73
632,164
633,203
634,325
635,584
636,1160
637,1371
638,1238
639,1213
640,1268
641,1370
642,1530
643,1524
644,1343
645,1020
646,884
647,585
648,418
649,350
650,116
651,93
652,90
653,37
654,27
655,52
656,100
657,155
658,392
659,697
660,1093
661,1413
662,1353
663,1247
664,1280
665,1357
666,1520
667,1555
668,1212
669,1022
670,817
671,502
672,504
673,273
674,175
675,135
676,62
677,44
678,35
679,65
680,112
681,180
682,370
683,668
684,1205
685,1491
686,1390
687,1329
688,1342
689,1455
690,1653
691,1739
692,1537
693,1222
694,1041
695,665
696,498
697,339
698,170
699,194
700,94
701,48
702,31
703,60
704,164
705,166
706,355
707,777
708,1251
709,1358
710,1265
711,1280
712,1226
713,1379
714,1493
715,1561
716,1198
717,907
718,919
719,731
720,478
721,405
722,237
723,154
724,62
725,61
726,29
727,50
728,78
729,242
730,362
731,836
732,1462
733,1431
734,1459
735,1315
736,1214
737,1221
738,1299
739,1239
740,1208
741,966
742,653
743,296
744,595
745,300
746,190
747,137
748,44
749,34
750,22
751,56
752,100
753,186
754,405
755,702
756,1267
757,1459
758,1360
759,1179
760,1276
761,1350
762,1597
763,1609
764,1373
765,1051
766,897
767,592
768,388
769,308
770,147
771,153
772,51
773,58
774,34
775,62
776,132
777,166
778,402
779,638
780,1216
781,1468
782,1290
783,1163
784,1125
785,1148
786,1215
787,916
788,902
789,661
790,388
791,220
792,623
793,536
794,299
795,172
796,74
797,31
798,44
799,35
800,101
801,186
802,353
803,660
804,1137
805,1284
806,1174
807,1262
808,978
809,1075
810,1072
811,1141
812,1028
813,805
814,457
815,294
816,499
817,395
818,237
819,136
820,55
821,29
822,30
823,66
824,114
825,150
826,375
827,646
828,1138
829,1372
830,1322
831,1138
832,1025
833,1078
834,1162
835,1070
836,1036
837,759
838,419
839,272
840,440
841,329
842,137
843,144
844,90
845,41
846,33
847,50
848,175
849,171
850,350
851,784
852,1166
853,1499
854,1427
855,1256
856,1222
857,1312
858,1551
859,1582
860,1322
861,1090
862,979
863,718
864,550
865,354
866,160
867,102
868,48
869,37
870,29
871,54
872,107
873,222
874,499
875,705
876,1177
877,1269
878,1335
879,1275
880,1280
881,1335
882,1455
883,1530
884,1334
885,1315
886,1247
887,1084
888,498
889,359
890,192
891,160
892,71
893,33
894,19
895,45
896,184
897,191
898,288
899,626
900,1212
901,1282
902,1167
903,1070
904,845
905,923
906,868
907,776
908,567
909,385
910,272
911,182
912,498
913,349
914,195
915,196
916,84
917,61
918,31
919,58
920,124
921,228
922,507
923,835
924,1347
925,1630
926,1461
927,1210
928,1182
929,1221
930,1389
931,1590
932,1445
933,1190
934,978
935,725
936,266
937,287
938,100
939,98
940,82
941,27
942,32
943,35
944,77
945,173
946,384
947,634
948,1068
949,1242
950,1290
951,1244
952,1156
953,1256
954,1213
955,1203
956,799
957,808
958,572
959,298
960,403
961,341
962,256
963,136
964,62
965,27
966,22
967,45
968,80
969,147
970,328
971,627
972,1147
973,1185
974,1236
975,1104
976,994
977,1142
978,1106
979,1165
980,910
981,736
982,464
983,200
984,423
985,351
986,226
987,219
988,99
989,51
990,18
991,38
992,95
993,191
994,436
995,855
996,1445
997,1691
998,1461
999,1498
1000,1286
1001,1299
1002,1368
1003,1405
1004,1157
1005,793
1006,522
1007,276
1008,434
1009,333
1010,191
1011,109
1012,38
1013,21
1014,37
1015,58
1016,68
1017,169
1018,278
1019,479
1020,935
1021,1130
1022,1008
1023,927
1024,920
1025,982
1026,979
1027,1013
1028,953
1029,749
1030,489
1031,294
1032,641
1033,508
1034,272
1035,199
1036,85
1037,41
1038,21
1039,37
1040,101
1041,171
1042,428
1043,810
1044,1378
1045,1608
1046,1464
1047,1354
1048,1090
1049,1272
1050,1200
1051,1086
1052,805
1053,679
1054,559
1055,384
1056,682
1057,442
1058,231
1059,173
1060,97
1061,68
1062,35
1063,79
1064,72
1065,176
1066,431
1067,846
1068,1295
1069,1603
1070,1290
1071,1200
1072,1220
1073,1266
1074,1376
1075,1491
1076,1499
1077,1222
1078,1117
1079,851
1080,402
1081,376
1082,216
1083,201
1084,60
1085,39
1086,33
1087,60
1088,101
1089,150
1090,401
1091,749
1092,1253
1093,1428
1094,1362
1095,1264
1096,1231
1097,1425
1098,1328
1099,1181
1100,879
1101,680
1102,392
1103,219
1104,492
1105,356
1106,233
1107,189
1108,95
1109,29
1110,36
1111,59
1112,82
1113,187
1114,448
1115,802
1116,1331
1117,1489
1118,1408
1119,1307
1120,1236
1121,1294
1122,1463
1123,1217
1124,1036
1125,697
1126,403
1127,223
1128,587
1129,461
1130,254
1131,125
1132,79
1133,32
1134,25
1135,35
1136,111
1137,151
1138,343
1139,673
1140,1209
1141,1368
1142,1338
1143,1187
1144,1162
1145,1035
1146,1136
1147,1122
1148,1032
1149,762
1150,505
1151,271
1152,697
1153,813
1154,447
1155,335
1156,129
1157,83
1158,46
1159,51
1160,120
1161,182
1162,330
1163,623
1164,1050
1165,1254
1166,1251
1167,943
1168,870
1169,1032
1170,1161
1171,1199
1172,926
1173,781
1174,480
1175,295
1176,417
1177,274
1178,124
1179,115
1180,46
1181,20
1182,17
1183,38
1184,98
1185,163
1186,359
1187,655
1188,1078
1189,1352
1190,1249
1191,1059
1192,1039
1193,1181
1194,1175
1195,1069
1196,894
1197,682
1198,373
1199,221
1200,425
1201,352
1202,122
1203,173
1204,109
1205,14
1206,22
1207,42
1208,92
1209,152
1210,444
1211,759
1212,1230
1213,1328
1214,1355
1215,1301
1216,1206
1217,1196
1218,1565
1219,1445
1220,1372
1221,1097
1222,886
1223,655
1224,308
1225,273
1226,139
1227,83
1228,80
1229,47
1230,24
1231,61
1232,114
1233,180
1234,345
1235,726
1236,1265
1237,1469
1238,1316
1239,1367
1240,1309
1241,1395
1242,1720
1243,1592
1244,1590
1245,1131
1246,923
1247,713
1248,447
1249,288
1250,185
1251,112
1252,48
1253,26
1254,22
1255,76
1256,108
1257,188
1258,397
1259,617
1260,1095
1261,1445
1262,1158
1263,1232
1264,1261
1265,1322
1266,1430
1267,1477
1268,1339
1269,1090
1270,905
1271,585
1272,435
1273,337
1274,196
1275,149
1276,67
1277,28
1278,29
1279,54
1280,114
1281,162
1282,291
1283,702
1284,1197
1285,1363
1286,1400
1287,1312
1288,1310
1289,1449
1290,1537
1291,1710
1292,1360
1293,1068
1294,914
1295,668
1296,421
1297,372
1298,194
1299,135
1300,71
1301,33
1302,13
1303,27
1304,79
1305,150
1306,423
1307,692
1308,1434
1309,1501
1310,1401
1311,1288
1312,1126
1313,1283
1314,1478
1315,1502
1316,1262
1317,837
1318,643
1319,479
1320,515
1321,366
1322,145
1323,150
1324,85
1325,21
1326,34
1327,63
1328,77
1329,211
1330,353
1331,628
1332,1203
1333,1341
1334,1385
1335,1222
1336,1156
1337,1206
1338,1290
1339,1186
1340,1142
1341,955
1342,581
1343,387
1344,393
1345,292
1346,177
1347,128
1348,39
1349,30
1350,36
1351,64
1352,78
1353,142
1354,348
1355,748
1356,1201
1357,1421
1358,1238
1359,1206
1360,1278
1361,1488
1362,1622
1363,1588
1364,1254
1365,1048
1366,872
1367,661
1368,446
1369,320
1370,198
1371,137
1372,45
1373,19
1374,23
1375,53
1376,103
1377,216
1378,397
1379,643
1380,1185
1381,1411
1382,1304
1383,1309
1384,1360
1385,1384
1386,1471
1387,1668
1388,1288
1389,1162
1390,945
1391,730
1392,498
1393,325
1394,273
1395,148
1396,53
1397,33
1398,32
1399,77
1400,160
1401,196
1402,454
1403,694
1404,1259
1405,1273
1406,1168
1407,1169
1408,1198
1409,1424
1410,1451
1411,1445
1412,1113
1413,1003
1414,770
1415,603
1416,364
1417,295
1418,110
1419,122
1420,51
1421,38
1422,22
1423,67
1424,139
1425,201
1426,388
1427,658
1428,1118
1429,1337
1430,1230
1431,1224
1432,1324
1433,1234
1434,1394
1435,1584
1436,1288
1437,1191
1438,993
1439,500
1440,476
1441,405
1442,224
1443,105
1444,58
1445,35
1446,39
1447,55
1448,153
1449,186
1450,414
1451,708
1452,1157
1453,1437
1454,1386
1455,1446
1456,1287
1457,1437
1458,1553
1459,1697
1460,1526
1461,1304
1462,1118
1463,867
1464,452
1465,300
1466,218
1467,131
1468,31
1469,44
1470,23
1471,32
1472,148
1473,170
1474,362
1475,774
1476,1390
1477,1605
1478,1380
1479,1415
1480,1165
1481,1286
1482,1423
1483,1260
1484,1107
1485,726
1486,368
1487,241
1488,368
1489,272
1490,152
1491,101
1492,70
1493,57
1494,29
1495,66
1496,92
1497,197
1498,364
1499,649
1500,1269
1501,1415
1502,1284
1503,1190
1504,1181
1505,1333
1506,1614
1507,1670
1508,1286
1509,1052
1510,929
1511,608
1512,420
1513,387
1514,194
1515,120
1516,39
1517,15
1518,30
1519,51
1520,147
1521,120
1522,384
1523,689
1524,1193
1525,1355
1526,1267
1527,1258
1528,1055
1529,1262
1530,1220
1531,1062
1532,859
1533,585
1534,326
1535,183
1536,532
1537,407
1538,145
1539,225
1540,89
1541,42
1542,29
1543,48
1544,156
1545,177
1546,440
1547,720
1548,1253
1549,1349
1550,1268
1551,1238
1552,1085
1553,1105
1554,1292
1555,1162
1556,1000
1557,669
1558,422
1559,279
1560,508
1561,402
1562,289
1563,151
1564,83
1565,29
1566,20
1567,71
1568,105
1569,168
1570,381
1571,758
1572,1241
1573,1499
1574,1278
1575,1380
1576,1264
1577,1421
1578,1510
1579,1621
1580,1279
1581,1037
1582,897
1583,769
1584,511
1585,364
1586,211
1587,155
1588,81
1589,38
1590,20
1591,53
1592,137
1593,219
1594,475
1595,879
1596,1344
1597,1392
1598,1486
1599,1196
1600,914
1601,995
1602,1417
1603,1582
1604,1227
1605,1163
1606,1053
1607,733
1608,623
1609,601
1610,280
1611,258
1612,61
1613,43
1614,45
1615,81
1616,148
1617,202
1618,445
1619,791
1620,1394
1621,1677
1622,1834
1623,1667
1624,1521
1625,1514
1626,1437
1627,1480
1628,1274
1629,1063
1630,659
1631,478
1632,587
1633,476
1634,283
1635,201
1636,67
1637,52
1638,44
1639,49
1640,126
1641,216
1642,395
1643,711
1644,1294
1645,1431
1646,1466
1647,1302
1648,1315
1649,1408
1650,1459
1651,1757
1652,1507
1653,1153
1654,1003
1655,890
1656,432
1657,367
1658,118
1659,113
1660,82
1661,34
1662,19
1663,74
1664,122
1665,176
1666,360
1667,839
1668,1290
1669,1492
1670,1332
1671,1260
1672,1030
1673,1234
1674,1242
1675,1198
1676,913
1677,669
1678,465
1679,261
1680,419
1681,361
1682,164
1683,83
1684,78
1685,37
1686,37
1687,35
1688,140
1689,136
1690,401
1691,717
1692,1233
1693,1383
1694,1307
1695,1265
1696,1267
1697,1194
1698,1383
1699,1191
1700,1047
1701,837
1702,526
1703,302
1704,468
1705,303
1706,136
1707,122
1708,84
1709,33
1710,34
1711,48
1712,112
1713,263
1714,263
1715,292
1716,1112
1717,1501
1718,1373
1719,1589
1720,1451
1721,1514
1722,1634
1723,1694
1724,1452
1725,1105
1726,907
1727,554
1728,362
1729,327
1730,161
1731,101
1732,56
1733,31
1734,25
1735,54
1736,70
1737,177
1738,331
1739,655
1740,1202
1741,1292
1742,1322
1743,1226
1744,1079
1745,1087
1746,1235
1747,1066
1748,797
1749,588
1750,394
1751,209
1752,475
1753,337
1754,163
1755,134
1756,72
1757,23
1758,28
1759,44
1760,109
1761,165
1762,407
1763,688
1764,1214
1765,1418
1766,1307
1767,1238
1768,996
1769,1010
1770,1255
1771,1093
1772,870
1773,653
1774,352
1775,224
1776,561
1777,366
1778,169
1779,156
1780,34
1781,39
1782,36
1783,90
1784,159
1785,220
1786,448
1787,847
1788,1352
1789,1485
1790,1321
1791,1012
1792,645
1793,1029
1794,1306
1795,1407
1796,1374
1797,1335
1798,1007
1799,758
1800,340
1801,199
1802,165
1803,167
1804,128
1805,19
1806,26
1807,71
1808,147
1809,188
1810,446
1811,750
1812,1096
1813,1240
1814,1082
1815,971
1816,1087
1817,1133
1818,1329
1819,1359
1820,1229
1821,1036
1822,858
1823,570
1824,478
1825,446
1826,173
1827,199
1828,78
1829,30
1830,39
1831,61
1832,218
1833,162
1834,377
1835,836
1836,1393
1837,1614
1838,1530
1839,1329
1840,1325
1841,1568
1842,1621
1843,1629
1844,1417
1845,1073
1846,784
1847,466
1848,539
1849,367
1850,245
1851,243
1852,77
1853,40
1854,31
1855,45
1856,97
1857,187
1858,369
1859,692
1860,1261
1861,1349
1862,1223
1863,997
1864,951
1865,1188
1866,1260
1867,1136
1868,877
1869,686
1870,364
1871,172
1872,674
1873,466
1874,335
1875,229
1876,64
1877,27
1878,48
1879,45
1880,79
1881,157
1882,364
1883,706
1884,1194
1885,1275
1886,1223
1887,1326
1888,1316
1889,1323
1890,1358
1891,1269
1892,982
1893,890
1894,530
1895,311
1896,569
1897,345
1898,212
1899,177
1900,135
1901,30
1902,37
1903,86
1904,125
1905,202
1906,420
1907,826
1908,1314
1909,1352
1910,1288
1911,1250
1912,1121
1913,1206
1914,1308
1915,1497
1916,1163
1917,844
1918,486
1919,240
1920,382
1921,315
1922,153
1923,99
1924,80
1925,51
1926,27
1927,103
1928,221
1929,197
1930,424
1931,798
1932,1331
1933,1459
1934,1394
1935,1424
1936,1128
1937,1128
1938,1323
1939,1325
1940,1296
1941,994
1942,949
1943,696
1944,588
1945,423
1946,226
1947,194
1948,82
1949,44
1950,25
1951,73
1952,159
1953,167
1954,413
1955,735
1956,1344
1957,1581
1958,1489
1959,1437
1960,1446
1961,1335
1962,1564
1963,1627
1964,1433
1965,1301
1966,1089
1967,852
1968,533
1969,411
1970,217
1971,135
1972,65
1973,46
1974,9
1975,59
1976,149
1977,181
1978,400
1979,738
1980,1154
1981,1421
1982,1335
1983,1221
1984,1216
1985,1481
1986,1772
1987,1624
1988,1284
1989,1107
1990,1001
1991,765
1992,536
1993,361
1994,195
1995,135
1996,84
1997,41
1998,37
1999,30
2000,120
2001,153
2002,340
2003,714
2004,1201
2005,1196
2006,981
2007,1004
2008,978
2009,1029
2010,1111
2011,1076
2012,747
2013,637
2014,361
2015,139
2016,416
2017,302
2018,165
2019,125
2020,51
2021,50
2022,38
2023,35
2024,87
2025,205
2026,341
2027,668
2028,1271
2029,1358
2030,1217
2031,1261
2032,1164
2033,1208
2034,1147
2035,1165
2036,735
2037,623
2038,362
2039,228
2040,506
2041,355
2042,209
2043,146
2044,89
2045,29
2046,41
2047,22
2048,72
2049,229
2050,387
2051,734
2052,1094
2053,1452
2054,1440
2055,1338
2056,1407
2057,1501
2058,1579
2059,1689
2060,1391
2061,1181
2062,1085
2063,808
2064,572
2065,369
2066,197
2067,93
2068,45
2069,53
2070,40
2071,52
2072,87
2073,163
2074,353
2075,709
2076,1182
2077,1317
2078,1303
2079,1216
2080,1367
2081,1318
2082,1384
2083,1464
2084,1304
2085,1304
2086,1037
2087,672
2088,373
2089,283
2090,135
2091,92
2092,46
2093,48
2094,27
2095,44
2096,105
2097,140
2098,379
2099,761
2100,1246
2101,1392
2102,1334
2103,1328
2104,1171
2105,1235
2106,1341
2107,1167
2108,887
2109,654
2110,391
2111,242
2112,669
2113,429
2114,261
2115,169
2116,52
2117,32
2118,32
2119,75
2120,101
2121,186
2122,333
2123,779
2124,1319
2125,1462
2126,1381
2127,1304
2128,1153
2129,1229
2130,1303
2131,1199
2132,1238
2133,1020
2134,642
2135,275
2136,433
2137,236
2138,173
2139,152
2140,56
2141,23
2142,23
2143,36
2144,68
2145,157
2146,406
2147,734
2148,1204
2149,1389
2150,1305
2151,1404
2152,1224
2153,1360
2154,1522
2155,1499
2156,1322
2157,1066
2158,881
2159,638
2160,523
2161,309
2162,178
2163,157
2164,101
2165,50
2166,32
2167,104
2168,165
2169,203
2170,359
2171,726
2172,1148
2173,1206
2174,1210
2175,1109
2176,1206
2177,1205
2178,1257
2179,1372
2180,1154
2181,1037
2182,1025
2183,632
2184,525
2185,311
2186,138
2187,92
2188,48
2189,37
2190,20
2191,68
2192,114
2193,213
2194,364
2195,574
2196,1194
2197,1282
2198,1407
2199,1368
2200,1360
2201,1303
2202,1552
2203,1833
2204,1473
2205,1194
2206,1041
2207,784
2208,299
2209,235
2210,126
2211,71
2212,41
2213,16
2214,15
2215,115
2216,156
2217,219
2218,363
2219,596
2220,983
2221,1055
2222,1226
2223,1173
2224,1155
2225,1105
2226,1245
2227,1318
2228,1145
2229,1152
2230,982
2231,759
2232,485
2233,425
2234,200
2235,195
2236,86
2237,51
2238,29
2239,41
2240,79
2241,191
2242,367
2243,660
2244,1173
2245,1396
2246,1351
2247,1226
2248,1114
2249,1181
2250,1259
2251,1150
2252,1121
2253,833
2254,575
2255,410
2256,403
2257,346
2258,190
2259,101
2260,65
2261,32
2262,27
2263,138
2264,139
2265,317
2266,688
2267,1199
2268,1793
2269,2052
2270,2014
2271,1969
2272,1733
2273,1576
2274,1509
2275,1482
2276,1479
2277,1051
2278,968
2279,712
2280,486
2281,329
2282,235
2283,166
2284,84
2285,44
2286,31
2287,49
2288,144
2289,190
2290,456
2291,714
2292,1115
2293,1354
2294,1227
2295,1261
2296,1270
2297,1167
2298,1384
2299,1437
2300,1373
2301,1241
2302,1038
2303,779
2304,607
2305,367
2306,246
2307,171
2308,66
2309,29
2310,44
2311,52
2312,199
2313,226
2314,414
2315,783
2316,1202
2317,1391
2318,1328
2319,1302
2320,1356
2321,1370
2322,1568
2323,1661
2324,1558
2325,1387
2326,1168
2327,859
2328,572
2329,441
2330,224
2331,190
2332,56
2333,31
2334,46
2335,51
2336,163
2337,190
2338,444
2339,761
2340,1267
2341,1531
2342,1429
2343,1370
2344,1238
2345,1299
2346,1373
2347,1292
2348,1181
2349,1022
2350,622
2351,383
2352,508
2353,328
2354,211
2355,173
2356,70
2357,42
2358,37
2359,83
2360,146
2361,152
2362,329
2363,705
2364,1237
2365,1383
2366,1296
2367,1289
2368,1215
2369,1165
2370,1184
2371,1263
2372,1051
2373,813
2374,410
2375,213
2376,417
2377,307
2378,186
2379,108
2380,46
2381,27
2382,25
2383,110
2384,141
2385,173
2386,324
2387,681
2388,1004
2389,1154
2390,1156
2391,1164
2392,1185
2393,1171
2394,1268
2395,1469
2396,1258
2397,1031
2398,917
2399,617
2400,533
2401,382
2402,217
2403,181
2404,84
2405,40
2406,29
2407,43
2408,103
2409,147
2410,352
2411,743
2412,1230
2413,1393
2414,1220
2415,1228
2416,1211
2417,1041
2418,1149
2419,1106
2420,907
2421,658
2422,406
2423,248
2424,602
2425,468
2426,280
2427,173
2428,51
2429,45
2430,22
2431,57
2432,60
2433,147
2434,441
2435,771
2436,1299
2437,1601
2438,1536
2439,1481
2440,1313
2441,1359
2442,1524
2443,1486
2444,1224
2445,968
2446,779
2447,675
2448,409
2449,210
2450,229
2451,134
2452,69
2453,24
2454,40
2455,89
2456,208
2457,243
2458,560
2459,906
2460,1537
2461,1693
2462,1661
2463,1520
2464,1654
2465,1623
2466,1800
2467,1860
2468,1607
2469,1326
2470,1113
2471,740
2472,403
2473,264
2474,136
2475,153
2476,59
2477,62
2478,44
2479,50
2480,81
2481,184
2482,359
2483,748
2484,1237
2485,1347
2486,1247
2487,1204
2488,1333
2489,1419
2490,1637
2491,1623
2492,1129
2493,1092
2494,971
2495,759
2496,403
2497,321
2498,166
2499,124
2500,85
2501,60
2502,21
2503,73
2504,140
2505,205
2506,414
2507,916
2508,1580
2509,1616
2510,1596
2511,1538
2512,1526
2513,1559
2514,1689
2515,1642
2516,1335
2517,1105
2518,911
2519,739
2520,554
2521,267
2522,172
2523,109
2524,106
2525,77
2526,23
2527,43
2528,69
2529,159
2530,365
2531,706
2532,1378
2533,1471
2534,1347
2535,1300
2536,1082
2537,1200
2538,1350
2539,1211
2540,936
2541,813
2542,713
2543,401
2544,398
2545,329
2546,133
2547,162
2548,69
2549,36
2550,27
2551,28
2552,69
2553,130
2554,268
2555,638
2556,1300
2557,1622
2558,1477
2559,1404
2560,1342
2561,1461
2562,1491
2563,1704
2564,1439
2565,1133
2566,1121
2567,1081
2568,357
2569,302
2570,165
2571,91
2572,82
2573,50
2574,32
2575,82
2576,104
2577,196
2578,387
2579,742
2580,1286
2581,1326
2582,1344
2583,1325
2584,1240
2585,1354
2586,1587
2587,1634
2588,1334
2589,1014
2590,832
2591,599
2592,542
2593,423
2594,211
2595,173
2596,95
2597,39
2598,40
2599,33
2600,88
2601,198
2602,384
2603,747
2604,1190
2605,1398
2606,1211
2607,1178
2608,1045
2609,1171
2610,1324
2611,1363
2612,1047
2613,905
2614,529
2615,241
2616,432
2617,413
2618,170
2619,186
2620,77
2621,29
2622,39
2623,51
2624,85
2625,139
2626,418
2627,718
2628,1117
2629,1285
2630,1281
2631,1250
2632,1100
2633,1198
2634,1371
2635,1185
2636,940
2637,702
2638,352
2639,188
2640,530
2641,453
2642,138
2643,66
2644,41
2645,14
2646,32
2647,49
2648,120
2649,191
2650,421
2651,793
2652,1318
2653,1469
2654,1377
2655,1150
2656,1111
2657,1216
2658,1373
2659,1170
2660,953
2661,723
2662,440
2663,231
2664,464
2665,325
2666,211
2667,170
2668,87
2669,36
2670,24
2671,85
2672,106
2673,154
2674,377
2675,553
2676,1110
2677,1138
2678,1181
2679,1076
2680,1022
2681,1033
2682,1040
2683,1037
2684,899
2685,802
2686,545
2687,278
2688,324
2689,250
2690,132
2691,102
2692,42
2693,42
2694,19
2695,58
2696,100
2697,135
2698,360
2699,642
2700,1250
2701,1230
2702,1382
2703,1348
2704,1356
2705,1301
2706,1512
2707,1508
2708,1506
2709,1256
2710,1179
2711,740
2712,388
2713,279
2714,135
2715,153
2716,100
2717,44
2718,33
2719,56
2720,105
2721,158
2722,441
2723,713
2724,1252
2725,1526
2726,1418
2727,1276
2728,1290
2729,1293
2730,1630
2731,1646
2732,1451
2733,1150
2734,947
2735,673
2736,93
2737,44
2738,27
2739,23
2740,17
2741,12
2742,23
2743,126
2744,203
2745,184
2746,375
2747,539
2748,1140
2749,1211
2750,909
2751,803
2752,869
2753,841
2754,1033
2755,1017
2756,764
2757,614
2758,352
2759,273
2760,138
2761,71
2762,68
2763,60
2764,21
2765,10
2766,18
2767,107
2768,179
2769,217
2770,366
2771,668
2772,1160
2773,1163
2774,1024
2775,912
2776,904
2777,991
2778,1209
2779,1190
2780,944
2781,778
2782,408
2783,284
2784,130
2785,96
2786,53
2787,33
2788,14
2789,12
2790,34
2791,79
2792,168
2793,204
2794,349
2795,597
2796,1127
2797,1125
2798,837
2799,773
2800,778
2801,1045
2802,1121
2803,1097
2804,1003
2805,827
2806,588
2807,353
2808,172
2809,89
2810,54
2811,38
2812,34
2813,19
2814,32
2815,78
2816,187
2817,165
2818,366
2819,607
2820,1274
2821,1242
2822,1010
2823,1044
2824,1019
2825,950
2826,1096
2827,1180
2828,860
2829,664
2830,392
2831,218
2832,67
2833,58
2834,42
2835,23
2836,31
2837,13
2838,26
2839,89
2840,178
2841,190
2842,354
2843,558
2844,1082
2845,1031
2846,891
2847,780
2848,757
2849,925
2850,910
2851,897
2852,640
2853,506
2854,327
2855,176
2856,132
2857,54
2858,27
2859,64
2860,18
2861,19
2862,24
2863,78
2864,237
2865,172
2866,309
2867,483
2868,961
2869,1033
2870,902
2871,733
2872,756
2873,941
2874,1089
2875,1057
2876,686
2877,615
2878,368
2879,241
2880,137
2881,115
2882,61
2883,37
2884,20
2885,31
2886,25
2887,82
2888,188
2889,173
2890,329
2891,669
2892,1272
2893,1294
2894,1109
2895,1116
2896,1040
2897,1241
2898,682
2899,1227
2900,1033
2901,948
2902,625
2903,305
2904,193
2905,195
2906,90
2907,46
2908,49
2909,15
2910,21
2911,45
2912,106
2913,147
2914,365
2915,767
2916,1120
2917,1125
2918,1235
2919,1056
2920,1031
2921,1006
2922,1131
2923,1034
2924,856
2925,587
2926,317
2927,224
2928,67
2929,75
2930,43
2931,26
2932,17
2933,18
2934,28
2935,112
2936,217
2937,189
2938,346
2939,605
2940,1145
2941,1186
2942,955
2943,945
2944,858
2945,1174
2946,1267
2947,1172
2948,947
2949,729
2950,495
2951,232
2952,113
2953,54
2954,36
2955,11
2956,16
2957,38
2958,28
2959,71
2960,167
2961,211
2962,343
2963,608
2964,1324
2965,1189
2966,816
2967,876
2968,897
2969,1064
2970,1193
2971,1233
2972,927
2973,701
2974,307
2975,181
2976,110
2977,66
2978,47
2979,21
2980,53
2981,18
2982,38
2983,89
2984,163
2985,190
2986,350
2987,687
2988,1192
2989,1241
2990,963
2991,919
2992,946
2993,955
2994,1068
2995,1007
2996,957
2997,649
2998,375
2999,199
3000,182
3001,67
3002,81
3003,40
3004,28
3005,17
3006,28
3007,76
3008,197
3009,176
3010,384
3011,650
3012,1269
3013,1338
3014,1073
3015,979
3016,1081
3017,1295
3018,1664
3019,1621
3020,1487
3021,1199
3022,999
3023,636
3024,88
3025,48
3026,49
3027,39
3028,17
3029,12
3030,34
3031,76
3032,180
3033,183
3034,468
3035,669
3036,1077
3037,1152
3038,967
3039,785
3040,845
3041,1003
3042,1215
3043,1106
3044,858
3045,713
3046,417
3047,293
3048,68
3049,58
3050,53
3051,40
3052,40
3053,26
3054,34
3055,104
3056,198
3057,214
3058,419
3059,515
3060,1040
3061,1200
3062,905
3063,798
3064,764
3065,1027
3066,1224
3067,1225
3068,1016
3069,666
3070,550
3071,262
3072,242
3073,100
3074,63
3075,47
3076,49
3077,20
3078,37
3079,91
3080,252
3081,208
3082,422
3083,721
3084,1271
3085,1377
3086,1303
3087,1251
3088,1113
3089,1335
3090,1635
3091,1550
3092,1459
3093,1335
3094,1172
3095,888
3096,232
3097,145
3098,51
3099,66
3100,32
3101,19
3102,37
3103,66
3104,160
3105,186
3106,303
3107,487
3108,1123
3109,1383
3110,1080
3111,935
3112,1018
3113,1184
3114,1239
3115,1319
3116,1320
3117,1078
3118,887
3119,588
3120,103
3121,103
3122,23
3123,15
3124,20
3125,15
3126,42
3127,101
3128,246
3129,241
3130,352
3131,593
3132,1232
3133,1306
3134,1049
3135,974
3136,957
3137,1053
3138,1100
3139,1199
3140,1005
3141,723
3142,494
3143,185
3144,143
3145,82
3146,61
3147,34
3148,41
3149,29
3150,31
3151,105
3152,251
3153,220
3154,363
3155,707
3156,1304
3157,1510
3158,1220
3159,1094
3160,1000
3161,1216
3162,1359
3163,1225
3164,1182
3165,936
3166,671
3167,303
3168,185
3169,106
3170,53
3171,35
3172,30
3173,17
3174,33
3175,91
3176,262
3177,219
3178,361
3179,660
3180,1252
3181,1408
3182,1073
3183,1054
3184,1035
3185,1123
3186,1166
3187,1194
3188,1072
3189,875
3190,623
3191,281
3192,136
3193,78
3194,53
3195,12
3196,8
3197,17
3198,23
3199,75
3200,209
3201,194
3202,344
3203,534
3204,1225
3205,1237
3206,1025
3207,1004
3208,966
3209,1157
3210,1255
3211,1267
3212,1075
3213,899
3214,664
3215,317
3216,108
3217,55
3218,26
3219,36
3220,32
3221,24
3222,26
3223,73
3224,179
3225,241
3226,415
3227,661
3228,1344
3229,1470
3230,1193
3231,1209
3232,1205
3233,1275
3234,1331
3235,1206
3236,1156
3237,804
3238,598
3239,306
3240,177
3241,176
3242,65
3243,32
3244,10
3245,13
3246,23
3247,106
3248,215
3249,196
3250,321
3251,579
3252,1249
3253,1275
3254,957
3255,885
3256,900
3257,1290
3258,1624
3259,1540
3260,1395
3261,1261
3262,962
3263,712
3264,255
3265,114
3266,93
3267,61
3268,24
3269,22
3270,24
3271,97
3272,232
3273,232
3274,410
3275,674
3276,1366
3277,1383
3278,1033
3279,1031
3280,1031
3281,1325
3282,1539
3283,1722
3284,1655
3285,1542
3286,1120
3287,855
3288,125
3289,70
3290,20
3291,14
3292,17
3293,13
3294,28
3295,72
3296,178
3297,183
3298,385
3299,520
3300,1060
3301,1104
3302,861
3303,866
3304,838
3305,948
3306,1173
3307,1221
3308,908
3309,678
3310,479
3311,204
3312,90
3313,50
3314,22
3315,18
3316,33
3317,5
3318,19
3319,82
3320,188
3321,190
3322,335
3323,554
3324,1164
3325,1075
3326,910
3327,803
3328,870
3329,1011
3330,1070
3331,1091
3332,833
3333,638
3334,505
3335,292
3336,70
3337,51
3338,34
3339,16
3340,28
3341,14
3342,18
3343,105
3344,195
3345,216
3346,372
3347,622
3348,1093
3349,1198
3350,962
3351,947
3352,837
3353,1019
3354,1230
3355,1183
3356,956
3357,628
3358,426
3359,211
3360,240
3361,161
3362,87
3363,71
3364,64
3365,53
3366,81
3367,165
3368,485
3369,510
3370,554
3371,871
3372,1353
3373,1435
3374,1065
3375,1017
3376,964
3377,1436
3378,1728
3379,1766
3380,1500
3381,1386
3382,1036
3383,659
3384,81
3385,60
3386,32
3387,18
3388,14
3389,25
3390,35
3391,69
3392,295
3393,177
3394,378
3395,536
3396,944
3397,935
3398,879
3399,941
3400,855
3401,1136
3402,1203
3403,1238
3404,865
3405,757
3406,428
3407,220
3408,153
3409,99
3410,45
3411,39
3412,22
3413,17
3414,29
3415,75
3416,131
3417,160
3418,361
3419,621
3420,1123
3421,1047
3422,845
3423,862
3424,851
3425,901
3426,1064
3427,950
3428,757
3429,633
3430,319
3431,208
3432,444
3433,302
3434,169
3435,117
3436,84
3437,40
3438,30
3439,67
3440,117
3441,190
3442,389
3443,737
3444,1324
3445,1539
3446,1472
3447,1229
3448,1011
3449,1152
3450,1224
3451,1181
3452,1024
3453,654
3454,546
3455,299
3456,111
3457,40
3458,22
3459,20
3460,18
3461,23
3462,25
3463,79
3464,233
3465,186
3466,363
3467,689
3468,1178
3469,1197
3470,1109
3471,944
3472,957
3473,963
3474,969
3475,1120
3476,923
3477,722
3478,453
3479,263
3480,107
3481,67
3482,46
3483,26
3484,14
3485,8
3486,34
3487,70
3488,171
3489,234
3490,333
3491,525
3492,1023
3493,1150
3494,837
3495,906
3496,959
3497,990
3498,1241
3499,1108
3500,993
3501,812
3502,612
3503,310
3504,265
3505,152
3506,74
3507,48
3508,41
3509,13
3510,39
3511,80
3512,190
3513,174
3514,380
3515,698
3516,1134
3517,1307
3518,1095
3519,1114
3520,1079
3521,1160
3522,1291
3523,1257
3524,1338
3525,1114
3526,791
3527,471
3528,149
3529,66
3530,75
3531,39
3532,28
3533,21
3534,47
3535,78
3536,206
3537,227
3538,397
3539,628
3540,1266
3541,1315
3542,1047
3543,1127
3544,996
3545,1149
3546,1250
3547,1175
3548,1027
3549,804
3550,490
3551,258
3552,201
3553,134
3554,95
3555,48
3556,35
3557,34
3558,37
3559,122
3560,226
3561,212
3562,395
3563,728
3564,1380
3565,1353
3566,1128
3567,1089
3568,1137
3569,1159
3570,1092
3571,1129
3572,952
3573,698
3574,430
3575,213
3576,197
3577,129
3578,43
3579,54
3580,16
3581,11
3582,38
3583,78
3584,170
3585,210
3586,263
3587,516
3588,1161
3589,1353
3590,1113
3591,1011
3592,996
3593,1017
3594,1288
3595,1219
3596,1110
3597,937
3598,613
3599,382
3600,227
3601,109
3602,64
3603,40
3604,33
3605,17
3606,47
3607,92
3608,262
3609,149
3610,310
3611,629
3612,1122
3613,1121
3614,925
3615,829
3616,915
3617,1055
3618,1232
3619,1170
3620,1035
3621,1009
3622,859
3623,546
3624,72
3625,24
3626,46
3627,17
3628,12
3629,22
3630,28
3631,78
3632,221
3633,225
3634,444
3635,625
3636,1194
3637,1203
3638,953
3639,964
3640,823
3641,949
3642,1068
3643,1004
3644,797
3645,630
3646,423
3647,201
3648,125
3649,87
3650,57
3651,35
3652,20
3653,22
3654,33
3655,58
3656,118
3657,184
3658,364
3659,634
3660,1290
3661,1344
3662,977
3663,852
3664,932
3665,1074
3666,1287
3667,1280
3668,1024
3669,767
3670,501
3671,274
3672,184
3673,66
3674,56
3675,76
3676,25
3677,21
3678,39
3679,93
3680,220
3681,226
3682,461
3683,642
3684,1324
3685,1297
3686,998
3687,1088
3688,1081
3689,1295
3690,1585
3691,1700
3692,1657
3693,1336
3694,1011
3695,640
3696,224
3697,143
3698,79
3699,42
3700,30
3701,16
3702,33
3703,83
3704,183
3705,178
3706,337
3707,604
3708,1063
3709,1096
3710,939
3711,822
3712,927
3713,1196
3714,1523
3715,1597
3716,1539
3717,1305
3718,1172
3719,717
3720,71
3721,49
3722,28
3723,11
3724,37
3725,27
3726,33
3727,104
3728,195
3729,192
3730,337
3731,588
3732,1167
3733,1137
3734,925
3735,824
3736,917
3737,985
3738,1063
3739,1143
3740,911
3741,621
3742,392
3743,193
3744,91
3745,70
3746,49
3747,16
3748,37
3749,30
3750,23
3751,94
3752,299
3753,270
3754,416
3755,733
3756,1280
3757,1250
3758,1014
3759,1047
3760,884
3761,1082
3762,1254
3763,1255
3764,1042
3765,723
3766,519
3767,225
3768,225
3769,141
3770,78
3771,48
3772,37
3773,14
3774,36
3775,66
3776,207
3777,210
3778,397
3779,696
3780,1288
3781,1404
3782,1032
3783,966
3784,982
3785,1303
3786,1556
3787,1633
3788,1541
3789,1416
3790,1110
3791,783
3792,159
3793,79
3794,55
3795,39
3796,62
3797,17
3798,22
3799,65
3800,157
3801,208
3802,400
3803,689
3804,1240
3805,1252
3806,962
3807,969
3808,1072
3809,1283
3810,1611
3811,1679
3812,1450
3813,1168
3814,1004
3815,736
3816,161
3817,111
3818,55
3819,46
3820,24
3821,19
3822,22
3823,85
3824,165
3825,188
3826,329
3827,657
3828,1300
3829,1371
3830,1179
3831,1006
3832,993
3833,1100
3834,1368
3835,1283
3836,1130
3837,844
3838,620
3839,309
3840,113
3841,69
3842,48
3843,17
3844,19
3845,20
3846,36
3847,62
3848,145
3849,203
3850,357
3851,527
3852,1046
3853,1127
3854,792
3855,753
3856,821
3857,931
3858,1089
3859,924
3860,771
3861,656
3862,352
3863,224
3864,207
3865,121
3866,52
3867,25
3868,24
3869,21
3870,36
3871,81
3872,159
3873,169
3874,290
3875,577
3876,1015
3877,1263
3878,1131
3879,799
3880,1089
3881,1196
3882,1206
3883,1150
3884,962
3885,847
3886,708
3887,602
3888,97
3889,72
3890,38
3891,44
3892,39
3893,15
3894,47
3895,124
3896,316
3897,229
3898,445
3899,681
3900,1406
3901,1446
3902,1228
3903,1227
3904,1119
3905,1320
3906,1636
3907,1713
3908,1387
3909,1160
3910,796
3911,428
3912,241
3913,145
3914,79
3915,39
3916,55
3917,17
3918,59
3919,68
3920,154
3921,214
3922,352
3923,620
3924,1204
3925,1216
3926,880
3927,716
3928,814
3929,1045
3930,1260
3931,1441
3932,1177
3933,1121
3934,922
3935,561
3936,138
3937,98
3938,50
3939,13
3940,15
3941,17
3942,43
3943,113
3944,275
3945,181
3946,342
3947,618
3948,1295
3949,1273
3950,1121
3951,970
3952,1020
3953,1107
3954,1159
3955,1138
3956,1067
3957,840
3958,610
3959,312
3960,132
3961,80
3962,38
3963,23
3964,10
3965,23
3966,40
3967,120
3968,243
3969,231
3970,442
3971,699
3972,1326
3973,1404
3974,1223
3975,1228
3976,1034
3977,1163
3978,1145
3979,1259
3980,1131
3981,837
3982,554
3983,337
3984,120
3985,71
3986,43
3987,57
3988,52
3989,25
3990,43
3991,80
3992,242
3993,168
3994,322
3995,546
3996,1086
3997,1203
3998,1062
3999,919
4000,908
4001,1054
4002,1234
4003,1127
4004,1036
4005,989
4006,695
4007,385
4008,104
4009,59
4010,36
4011,10
4012,7
4013,13
4014,26
4015,101
4016,207
4017,235
4018,257
4019,514
4020,1023
4021,1165
4022,887
4023,767
4024,815
4025,979
4026,1206
4027,1088
4028,883
4029,679
4030,389
4031,210
4032,172
4033,96
4034,56
4035,33
4036,56
4037,10
4038,43
4039,64
4040,181
4041,195
4042,382
4043,599
4044,1057
4045,1160
4046,1000
4047,925
4048,841
4049,1062
4050,1122
4051,1106
4052,651
4053,507
4054,253
4055,134
4056,142
4057,85
4058,39
4059,34
4060,48
4061,17
4062,25
4063,105
4064,254
4065,226
4066,444
4067,724
4068,1347
4069,1360
4070,1082
4071,973
4072,1024
4073,1285
4074,1486
4075,1409
4076,1185
4077,1018
4078,638
4079,313
4080,109
4081,99
4082,50
4083,86
4084,16
4085,12
4086,21
4087,128
4088,226
4089,203
4090,358
4091,568
4092,1127
4093,1243
4094,910
4095,825
4096,887
4097,1129
4098,1327
4099,1221
4100,983
4101,717
4102,597
4103,270
4104,156
4105,122
4106,113
4107,51
4108,29
4109,19
4110,48
4111,111
4112,275
4113,251
4114,397
4115,675
4116,1185
4117,1138
4118,920
4119,883
4120,927
4121,1131
4122,1202
4123,1241
4124,1020
4125,956
4126,682
4127,418
4128,112
4129,73
4130,22
4131,39
4132,27
4133,15
4134,46
4135,96
4136,247
4137,211
4138,348
4139,584
4140,1194
4141,1050
4142,945
4143,859
4144,893
4145,1029
4146,1247
4147,1257
4148,1014
4149,892
4150,579
4151,325
4152,176
4153,91
4154,48
4155,41
4156,37
4157,20
4158,37
4159,83
4160,136
4161,213
4162,463
4163,757
4164,1320
4165,1428
4166,1100
4167,1046
4168,929
4169,1123
4170,1265
4171,1185
4172,1190
4173,1019
4174,701
4175,353
4176,125
4177,93
4178,57
4179,31
4180,26
4181,17
4182,44
4183,90
4184,178
4185,229
4186,363
4187,565
4188,1145
4189,1197
4190,1065
4191,978
4192,1000
4193,1085
4194,1285
4195,1383
4196,1117
4197,958
4198,741
4199,380
4200,135
4201,91
4202,83
4203,54
4204,61
4205,8
4206,46
4207,103
4208,166
4209,144
4210,325
4211,611
4212,1043
4213,1140
4214,1059
4215,939
4216,841
4217,945
4218,1178
4219,1093
4220,814
4221,776
4222,537
4223,307
4224,86
4225,24
4226,24
4227,25
4228,32
4229,57
4230,33
4231,103
4232,141
4233,208
4234,378
4235,687
4236,1315
4237,1408
4238,1184
4239,1017
4240,910
4241,1154
4242,1287
4243,1167
4244,899
4245,615
4246,420
4247,213
4248,163
4249,115
4250,87
4251,45
4252,32
4253,48
4254,45
4255,69
4256,217
4257,181
4258,397
4259,703
4260,1271
4261,1456
4262,1205
4263,1097
4264,1016
4265,1188
4266,1272
4267,1109
4268,846
4269,601
4270,663
4271,348
4272,85
4273,40
4274,22
4275,13
4276,26
4277,16
4278,29
4279,94
4280,195
4281,207
4282,310
4283,557
4284,1000
4285,1174
4286,890
4287,832
4288,854
4289,1074
4290,1168
4291,1165
4292,823
4293,591
4294,419
4295,224
4296,180
4297,126
4298,55
4299,22
4300,16
4301,14
4302,22
4303,142
4304,303
4305,265
4306,390
4307,615
4308,1300
4309,1316
4310,1205
4311,1035
4312,1110
4313,1251
4314,1346
4315,1264
4316,1128
4317,891
4318,623
4319,485
4320,123
4321,84
4322,35
4323,44
4324,49
4325,10
4326,34
4327,95
4328,256
4329,166
4330,325
4331,548
4332,1137
4333,1066
4334,883
4335,890
4336,838
4337,915
4338,1059
4339,1118
4340,768
4341,519
4342,317
4343,210
4344,220
4345,205
4346,46
4347,16
4348,19
4349,14
4350,32
4351,82
4352,208
4353,163
4354,365
4355,514
4356,1203
4357,1163
4358,873
4359,859
4360,925
4361,1088
4362,1274
4363,1160
4364,967
4365,696
4366,440
4367,243
4368,65
4369,63
4370,17
4371,12
4372,10
4373,20
4374,20
4375,94
4376,189
4377,230
4378,399
4379,680
4380,1186
4381,1139
4382,866
4383,802
4384,903
4385,976
4386,1155
4387,1009
4388,902
4389,613
4390,338
4391,248
4392,178
4393,119
4394,51
4395,45
4396,39
4397,19
4398,35
4399,157
4400,230
4401,201
4402,376
4403,652
4404,1303
4405,1345
4406,1154
4407,1188
4408,1149
4409,1360
4410,1466
4411,1564
4412,1494
4413,1286
4414,867
4415,714
4416,244
4417,144
4418,74
4419,40
4420,18
4421,13
4422,23
4423,112
4424,225
4425,221
4426,313
4427,697
4428,1252
4429,1234
4430,1220
4431,1215
4432,1038
4433,1106
4434,1227
4435,1401
4436,1452
4437,1183
4438,821
4439,445
4440,195
4441,135
4442,46
4443,24
4444,25
4445,28
4446,43
4447,99
4448,208
4449,188
4450,297
4451,597
4452,1179
4453,1302
4454,1113
4455,1092
4456,1050
4457,1063
4458,1253
4459,1255
4460,1133
4461,888
4462,743
4463,355
4464,159
4465,66
4466,52
4467,56
4468,31
4469,26
4470,30
4471,70
4472,177
4473,244
4474,513
4475,706
4476,1598
4477,1505
4478,1375
4479,1124
4480,1158
4481,1258
4482,1377
4483,1350
4484,1153
4485,931
4486,715
4487,412
4488,153
4489,101
4490,33
4491,22
4492,18
4493,43
4494,45
4495,111
4496,155
4497,164
4498,320
4499,493
4500,965
4501,1100
4502,833
4503,785
4504,773
4505,888
4506,984
4507,974
4508,821
4509,483
4510,366
4511,173
4512,84
4513,53
4514,48
4515,47
4516,52
4517,16
4518,40
4519,84
4520,191
4521,157
4522,341
4523,581
4524,1002
4525,1080
4526,736
4527,781
4528,857
4529,926
4530,1077
4531,1018
4532,832
4533,628
4534,364
4535,192
4536,110
4537,45
4538,29
4539,19
4540,13
4541,22
4542,25
4543,62
4544,195
4545,167
4546,342
4547,579
4548,1083
4549,1108
4550,893
4551,802
4552,798
4553,986
4554,1092
4555,1047
4556,809
4557,658
4558,394
4559,215
4560,432
4561,309
4562,112
4563,115
4564,100
4565,35
4566,29
4567,65
4568,153
4569,182
4570,480
4571,845
4572,1345
4573,1637
4574,1389
4575,1275
4576,1142
4577,1238
4578,1381
4579,1644
4580,1277
4581,1151
4582,927
4583,574
4584,74
4585,49
4586,32
4587,25
4588,38
4589,10
4590,23
4591,124
4592,263
4593,269
4594,433
4595,623
4596,1371
4597,1427
4598,1074
4599,1102
4600,1081
4601,1149
4602,1454
4603,1322
4604,1108
4605,898
4606,557
4607,316
4608,133
4609,65
4610,31
4611,14
4612,9
4613,25
4614,17
4615,78
4616,165
4617,254
4618,395
4619,627
4620,1185
4621,1218
4622,957
4623,961
4624,934
4625,1208
4626,1411
4627,1370
4628,1170
4629,872
4630,609
4631,357
4632,180
4633,101
4634,53
4635,36
4636,59
4637,20
4638,26
4639,84
4640,217
4641,242
4642,401
4643,676
4644,1275
4645,1410
4646,1142
4647,1130
4648,1091
4649,1386
4650,1652
4651,1646
4652,1528
4653,1420
4654,994
4655,691
4656,162
4657,98
4658,65
4659,35
4660,32
4661,19
4662,35
4663,93
4664,158
4665,253
4666,394
4667,642
4668,1188
4669,1225
4670,899
4671,944
4672,924
4673,1285
4674,1526
4675,1579
4676,1493
4677,1177
4678,1058
4679,651
4680,297
4681,217
4682,82
4683,54
4684,69
4685,30
4686,26
4687,78
4688,230
4689,212
4690,369
4691,690
4692,1265
4693,1403
4694,1140
4695,1213
4696,1195
4697,1232
4698,1308
4699,1462
4700,1393
4701,1286
4702,1067
4703,697
4704,540
4705,484
4706,252
4707,160
4708,158
4709,46
4710,49
4711,53
4712,141
4713,167
4714,459
4715,806
4716,1393
4717,1638
4718,1545
4719,1441
4720,1389
4721,1495
4722,1597
4723,1822
4724,1653
4725,1261
4726,876
4727,679
4728,103
4729,78
4730,34
4731,19
4732,29
4733,24
4734,26
4735,67
4736,168
4737,185
4738,315
4739,670
4740,1011
4741,1089
4742,957
4743,766
4744,790
4745,946
4746,1119
4747,1163
4748,1030
4749,718
4750,529
4751,225
4752,105
4753,66
4754,55
4755,21
4756,36
4757,16
4758,26
4759,87
4760,266
4761,201
4762,352
4763,607
4764,1095
4765,1245
4766,870
4767,769
4768,787
4769,993
4770,1138
4771,936
4772,712
4773,532
4774,312
4775,160
4776,193
4777,105
4778,60
4779,52
4780,15
4781,14
4782,38
4783,82
4784,168
4785,232
4786,369
4787,634
4788,1280
4789,1343
4790,1116
4791,891
4792,961
4793,1310
4794,1648
4795,1492
4796,1413
4797,1264
4798,874
4799,479
4800,116
4801,83
4802,46
4803,34
4804,42
4805,42
4806,33
4807,101
4808,249
4809,255
4810,318
4811,730
4812,1265
4813,1394
4814,1148
4815,1048
4816,1013
4817,1141
4818,1350
4819,1376
4820,1152
4821,863
4822,514
4823,274
4824,89
4825,75
4826,52
4827,26
4828,13
4829,10
4830,31
4831,74
4832,176
4833,250
4834,386
4835,595
4836,1093
4837,1297
4838,998
4839,879
4840,915
4841,1151
4842,1402
4843,1241
4844,1126
4845,922
4846,566
4847,289
4848,101
4849,32
4850,26
4851,19
4852,30
4853,21
4854,43
4855,62
4856,176
4857,180
4858,355
4859,680
4860,1168
4861,1314
4862,960
4863,931
4864,1072
4865,1130
4866,1134
4867,1080
4868,766
4869,505
4870,410
4871,166
4872,177
4873,44
4874,50
4875,31
4876,21
4877,25
4878,52
4879,91
4880,205
4881,264
4882,418
4883,683
4884,1311
4885,1323
4886,976
4887,906
4888,966
4889,1032
4890,1100
4891,1010
4892,850
4893,658
4894,408
4895,211
4896,153
4897,95
4898,83
4899,20
4900,23
4901,11
4902,36
4903,89
4904,208
4905,168
4906,357
4907,608
4908,1075
4909,1130
4910,865
4911,930
4912,968
4913,1120
4914,1204
4915,1252
4916,1039
4917,755
4918,514
4919,384
4920,166
4921,69
4922,33
4923,18
4924,29
4925,14
4926,35
4927,115
4928,253
4929,233
4930,382
4931,657
4932,1221
4933,1392
4934,1089
4935,1025
4936,975
4937,1283
4938,1669
4939,1656
4940,1472
4941,1213
4942,930
4943,680
4944,113
4945,60
4946,66
4947,24
4948,16
4949,19
4950,30
4951,106
4952,223
4953,243
4954,397
4955,725
4956,1385
4957,1301
4958,957
4959,855
4960,898
4961,1218
4962,1390
4963,1492
4964,1107
4965,922
4966,503
4967,288
4968,190
4969,153
4970,51
4971,38
4972,39
4973,18
4974,35
4975,79
4976,216
4977,202
4978,388
4979,755
4980,1395
4981,1466
4982,1349
4983,1166
4984,995
4985,1203
4986,1412
4987,1400
4988,1281
4989,965
4990,617
4991,271
4992,215
4993,96
4994,47
4995,27
4996,15
4997,19
4998,28
4999,86
5000,147
5001,198
5002,404
5003,635
5004,1205
5005,1253
5006,978
5007,1081
5008,1275
5009,1334
5010,1507
5011,1737
5012,1623
5013,1364
5014,1027
5015,751
5016,298
5017,249
5018,133
5019,74
5020,34
5021,30
5022,37
5023,80
5024,220
5025,194
5026,392
5027,671
5028,1272
5029,1423
5030,1090
5031,1026
5032,1094
5033,1373
5034,1537
5035,1706
5036,1594
5037,1531
5038,1226
5039,848
5040,141
5041,84
5042,39
5043,14
5044,22
5045,33
5046,52
5047,94
5048,156
5049,179
5050,335
5051,462
5052,925
5053,883
5054,820
5055,704
5056,738
5057,827
5058,930
5059,962
5060,808
5061,751
5062,425
5063,264
5064,154
5065,49
5066,54
5067,26
5068,24
5069,16
5070,36
5071,111
5072,208
5073,202
5074,319
5075,567
5076,1163
5077,1277
5078,1018
5079,1028
5080,983
5081,987
5082,1145
5083,1049
5084,981
5085,757
5086,547
5087,317
5088,51
5089,29
5090,11
5091,27
5092,16
5093,10
5094,34
5095,90
5096,191
5097,176
5098,342
5099,515
5100,963
5101,1041
5102,788
5103,694
5104,869
5105,845
5106,1015
5107,806
5108,618
5109,513
5110,340
5111,220
5112,158
5113,86
5114,32
5115,16
5116,14
5117,11
5118,38
5119,115
5120,217
5121,245
5122,405
5123,654
5124,1278
5125,1152
5126,892
5127,895
5128,882
5129,1009
5130,1125
5131,1171
5132,1038
5133,770
5134,589
5135,287
5136,215
5137,94
5138,29
5139,30
5140,27
5141,18
5142,38
5143,95
5144,289
5145,210
5146,303
5147,557
5148,1110
5149,1160
5150,1001
5151,965
5152,918
5153,1130
5154,1311
5155,1263
5156,1112
5157,731
5158,522
5159,313
5160,141
5161,80
5162,21
5163,20
5164,7
5165,18
5166,25
5167,86
5168,168
5169,184
5170,234
5171,584
5172,1085
5173,1281
5174,946
5175,896
5176,945
5177,1076
5178,1145
5179,1119
5180,917
5181,672
5182,369
5183,206
5184,267
5185,181
5186,59
5187,48
5188,15
5189,23
5190,21
5191,100
5192,214
5193,221
5194,322
5195,690
5196,1354
5197,1382
5198,1166
5199,1071
5200,1059
5201,1129
5202,1189
5203,1161
5204,1024
5205,760
5206,441
5207,329
5208,125
5209,53
5210,27
5211,33
5212,17
5213,22
5214,34
5215,76
5216,236
5217,210
5218,390
5219,716
5220,1470
5221,1412
5222,1187
5223,1044
5224,1029
5225,1274
5226,1227
5227,1070
5228,854
5229,628
5230,372
5231,197
5232,170
5233,106
5234,45
5235,27
5236,68
5237,15
5238,34
5239,95
5240,184
5241,180
5242,359
5243,583
5244,1094
5245,1248
5246,1049
5247,1009
5248,811
5249,1022
5250,1203
5251,1281
5252,991
5253,728
5254,452
5255,233
5256,155
5257,81
5258,55
5259,23
5260,29
5261,11
5262,44
5263,66
5264,118
5265,198
5266,365
5267,597
5268,1019
5269,1123
5270,972
5271,854
5272,882
5273,1106
5274,1355
5275,1217
5276,1067
5277,895
5278,570
5279,329
5280,184
5281,92
5282,42
5283,57
5284,55
5285,16
5286,32
5287,92
5288,192
5289,151
5290,310
5291,602
5292,1285
5293,1348
5294,1131
5295,1069
5296,1017
5297,1131
5298,1235
5299,1259
5300,1029
5301,896
5302,655
5303,405
5304,75
5305,47
5306,21
5307,16
5308,21
5309,15
5310,29
5311,88
5312,266
5313,229
5314,345
5315,600
5316,1189
5317,1217
5318,976
5319,858
5320,947
5321,1019
5322,1184
5323,1145
5324,861
5325,678
5326,435
5327,197
5328,100
5329,71
5330,19
5331,20
5332,21
5333,15
5334,34
5335,103
5336,193
5337,177
5338,434
5339,663
5340,1226
5341,1292
5342,1027
5343,940
5344,633
5345,842
5346,926
5347,879
5348,810
5349,509
5350,342
5351,190
5352,224
5353,135
5354,55
5355,41
5356,13
5357,16
5358,29
5359,68
5360,205
5361,223
5362,399
5363,626
5364,1350
5365,1365
5366,1142
5367,1070
5368,1069
5369,1322
5370,1521
5371,1640
5372,1503
5373,1228
5374,1109
5375,596
5376,126
5377,78
5378,50
5379,29
5380,21
5381,26
5382,25
5383,67
5384,216
5385,203
5386,434
5387,690
5388,1195
5389,1390
5390,1078
5391,1101
5392,997
5393,1427
5394,1742
5395,1829
5396,1613
5397,1415
5398,1057
5399,672
5400,137
5401,106
5402,44
5403,26
5404,33
5405,12
5406,30
5407,109
5408,213
5409,192
5410,387
5411,638
5412,1258
5413,1217
5414,1127
5415,933
5416,1014
5417,1036
5418,1264
5419,1265
5420,1124
5421,979
5422,673
5423,417
5424,167
5425,95
5426,40
5427,27
5428,30
5429,11
5430,49
5431,79
5432,269
5433,139
5434,315
5435,680
5436,1254
5437,1354
5438,1087
5439,1068
5440,1065
5441,1131
5442,1081
5443,1210
5444,1120
5445,938
5446,659
5447,348
5448,108
5449,103
5450,31
5451,14
5452,37
5453,21
5454,34
5455,113
5456,187
5457,168
5458,376
5459,609
5460,1247
5461,1274
5462,887
5463,899
5464,908
5465,960
5466,1147
5467,1128
5468,955
5469,747
5470,565
5471,203
5472,224
5473,127
5474,73
5475,26
5476,41
5477,18
5478,37
5479,92
5480,231
5481,168
5482,287
5483,570
5484,1123
5485,1175
5486,997
5487,810
5488,837
5489,1001
5490,1138
5491,1242
5492,1128
5493,939
5494,672
5495,418
5496,167
5497,66
5498,65
5499,77
5500,16
5501,19
5502,34
5503,102
5504,236
5505,245
5506,365
5507,751
5508,1411
5509,1405
5510,1308
5511,1002
5512,1033
5513,1240
5514,1456
5515,1550
5516,1203
5517,1003
5518,632
5519,355
5520,219
5521,96
5522,72
5523,28
5524,47
5525,9
5526,27
5527,87
5528,307
5529,246
5530,411
5531,652
5532,1243
5533,1287
5534,1066
5535,999
5536,1084
5537,1264
5538,1591
5539,1564
5540,1461
5541,1275
5542,1045
5543,598
5544,108
5545,56
5546,24
5547,21
5548,8
5549,17
5550,21
5551,77
5552,213
5553,167
5554,346
5555,592
5556,1204
5557,1207
5558,983
5559,971
5560,1013
5561,1074
5562,1114
5563,1192
5564,907
5565,729
5566,477
5567,259
5568,146
5569,89
5570,29
5571,44
5572,32
5573,19
5574,41
5575,96
5576,247
5577,201
5578,448
5579,630
5580,1286
5581,1283
5582,1035
5583,1169
5584,1170
5585,1247
5586,1468
5587,1362
5588,1207
5589,1058
5590,888
5591,396
5592,110
5593,90
5594,36
5595,20
5596,31
5597,16
5598,34
5599,116
5600,198
5601,187
5602,291
5603,531
5604,1160
5605,1139
5606,973
5607,999
5608,948
5609,981
5610,1151
5611,1053
5612,900
5613,715
5614,472
5615,313
5616,122
5617,84
5618,67
5619,27
5620,14
5621,21
5622,23
5623,125
5624,257
5625,220
5626,348
5627,685
5628,1067
5629,1247
5630,1032
5631,845
5632,882
5633,1192
5634,1337
5635,1193
5636,894
5637,722
5638,410
5639,275
5640,156
5641,104
5642,63
5643,44
5644,36
5645,20
5646,45
5647,72
5648,249
5649,255
5650,353
5651,658
5652,1363
5653,1361
5654,1095
5655,1044
5656,1038
5657,1393
5658,1609
5659,1674
5660,1427
5661,1087
5662,865
5663,605
5664,108
5665,77
5666,51
5667,31
5668,26
5669,11
5670,46
5671,95
5672,173
5673,218
5674,341
5675,577
5676,1151
5677,1133
5678,1017
5679,1006
5680,909
5681,1023
5682,1129
5683,1105
5684,819
5685,738
5686,584
5687,275
5688,60
5689,72
5690,44
5691,39
5692,67
5693,22
5694,19
5695,78
5696,200
5697,169
5698,310
5699,589
5700,1105
5701,1170
5702,966
5703,860
5704,768
5705,920
5706,1120
5707,999
5708,832
5709,553
5710,366
5711,195
5712,159
5713,107
5714,53
5715,33
5716,49
5717,28
5718,22
5719,77
5720,172
5721,213
5722,414
5723,546
5724,1110
5725,1161
5726,978
5727,885
5728,926
5729,1243
5730,1541
5731,1497
5732,1448
5733,1194
5734,855
5735,655
5736,89
5737,27
5738,42
5739,44
5740,17
5741,16
5742,35
5743,104
5744,157
5745,175
5746,393
5747,548
5748,1129
5749,1120
5750,983
5751,801
5752,899
5753,910
5754,1009
5755,968
5756,715
5757,614
5758,304
5759,240
5760,221
5761,146
5762,59
5763,52
5764,22
5765,21
5766,51
5767,113
5768,221
5769,185
5770,397
5771,659
5772,1166
5773,1217
5774,998
5775,956
5776,1060
5777,1440
5778,1891
5779,1927
5780,1666
5781,1392
5782,1115
5783,684
5784,111
5785,74
5786,45
5787,28
5788,35
5789,23
5790,45
5791,73
5792,217
5793,188
5794,333
5795,615
5796,1108
5797,1107
5798,884
5799,906
5800,928
5801,1056
5802,1176
5803,1147
5804,912
5805,832
5806,435
5807,236
5808,210
5809,120
5810,54
5811,24
5812,50
5813,18
5814,39
5815,82
5816,141
5817,235
5818,376
5819,670
5820,1258
5821,1322
5822,1112
5823,1021
5824,1026
5825,1248
5826,1125
5827,1140
5828,927
5829,682
5830,490
5831,205
5832,112
5833,64
5834,30
5835,20
5836,37
5837,15
5838,36
5839,92
5840,172
5841,177
5842,329
5843,542
5844,927
5845,963
5846,879
5847,852
5848,800
5849,1089
5850,1183
5851,1028
5852,965
5853,793
5854,549
5855,283
5856,108
5857,65
5858,52
5859,36
5860,57
5861,11
5862,22
5863,185
5864,196
5865,176
5866,343
5867,606
5868,1123
5869,1235
5870,979
5871,934
5872,875
5873,1212
5874,1312
5875,1262
5876,1071
5877,816
5878,531
5879,296
5880,97
5881,45
5882,25
5883,22
5884,18
5885,21
5886,44
5887,98
5888,234
5889,194
5890,397
5891,642
5892,1392
5893,1336
5894,1111
5895,949
5896,1012
5897,1275
5898,1261
5899,1282
5900,966
5901,792
5902,380
5903,251
5904,131
5905,84
5906,41
5907,25
5908,25
5909,13
5910,22
5911,100
5912,210
5913,183
5914,356
5915,608
5916,1095
5917,1110
5918,921
5919,898
5920,866
5921,1031
5922,1395
5923,1331
5924,1058
5925,822
5926,607
5927,288
5928,85
5929,53
5930,33
5931,23
5932,19
5933,33
5934,33
5935,70
5936,169
5937,228
5938,317
5939,559
5940,1162
5941,1150
5942,871
5943,793
5944,841
5945,1031
5946,1195
5947,1196
5948,885
5949,655
5950,428
5951,248
5952,69
5953,48
5954,28
5955,16
5956,14
5957,11
5958,22
5959,92
5960,304
5961,209
5962,373
5963,612
5964,1097
5965,1083
5966,887
5967,813
5968,790
5969,1104
5970,1147
5971,1166
5972,825
5973,564
5974,377
5975,247
5976,137
5977,61
5978,46
5979,6
5980,25
5981,14
5982,32
5983,76
5984,234
5985,221
5986,388
5987,518
5988,1081
5989,1240
5990,906
5991,810
5992,899
5993,1027
5994,1221
5995,1241
5996,1029
5997,799
5998,431
5999,261
6000,136
6001,67
6002,37
6003,18
6004,18
6005,23
6006,36
6007,84
6008,183
6009,222
6010,428
6011,642
6012,1265
6013,1401
6014,987
6015,945
6016,1062
6017,1058
6018,1164
6019,1185
6020,993
6021,729
6022,485
6023,316
6024,66
6025,38
6026,33
6027,24
6028,34
6029,20
6030,27
6031,87
6032,142
6033,197
6034,406
6035,609
6036,1243
6037,1222
6038,881
6039,786
6040,739
6041,1099
6042,1207
6043,1199
6044,1079
6045,845
6046,556
6047,261
6048,109
6049,71
6050,24
6051,26
6052,17
6053,25
6054,32
6055,98
6056,236
6057,270
6058,398
6059,615
6060,1231
6061,1336
6062,970
6063,933
6064,799
6065,1026
6066,1201
6067,1253
6068,848
6069,659
6070,422
6071,243
6072,89
6073,41
6074,41
6075,18
6076,41
6077,12
6078,29
6079,81
6080,206
6081,198
6082,332
6083,532
6084,892
6085,1050
6086,827
6087,760
6088,852
6089,956
6090,1034
6091,1040
6092,818
6093,628
6094,365
6095,234
6096,179
6097,125
6098,83
6099,59
6100,18
6101,25
6102,37
6103,94
6104,357
6105,246
6106,419
6107,653
6108,1303
6109,1313
6110,1145
6111,994
6112,909
6113,1124
6114,1363
6115,1406
6116,1297
6117,1104
6118,790
6119,389
6120,85
6121,40
6122,25
6123,19
6124,11
6125,18
6126,32
6127,77
6128,204
6129,198
6130,337
6131,547
6132,958
6133,907
6134,863
6135,912
6136,1026
6137,1066
6138,1086
6139,1072
6140,731
6141,530
6142,552
6143,287
6144,118
6145,82
6146,47
6147,12
6148,11
6149,17
6150,21
6151,80
6152,173
6153,247
6154,390
6155,597
6156,1195
6157,1136
6158,1020
6159,994
6160,950
6161,1083
6162,1139
6163,1177
6164,851
6165,664
6166,360
6167,151
6168,256
6169,172
6170,108
6171,76
6172,61
6173,31
6174,13
6175,64
6176,127
6177,200
6178,363
6179,647
6180,1307
6181,1290
6182,1289
6183,1173
6184,1000
6185,1085
6186,1175
6187,1088
6188,839
6189,580
6190,314
6191,178
6192,145
6193,81
6194,46
6195,63
6196,19
6197,31
6198,32
6199,56
6200,178
6201,212
6202,405
6203,574
6204,1181
6205,1239
6206,1037
6207,978
6208,1170
6209,1287
6210,1660
6211,1761
6212,1675
6213,1386
6214,998
6215,796
6216,298
6217,184
6218,86
6219,65
6220,42
6221,38
6222,36
6223,93
6224,216
6225,238
6226,448
6227,629
6228,1296
6229,1459
6230,1179
6231,980
6232,1019
6233,1331
6234,1478
6235,1578
6236,1528
6237,1470
6238,1098
6239,640
6240,138
6241,58
6242,58
6243,58
6244,27
6245,16
6246,27
6247,82
6248,173
6249,233
6250,411
6251,590
6252,1100
6253,1128
6254,1023
6255,958
6256,946
6257,1126
6258,1194
6259,1187
6260,1077
6261,775
6262,512
6263,354
6264,115
6265,91
6266,62
6267,44
6268,33
6269,16
6270,31
6271,68
6272,167
6273,238
6274,378
6275,606
6276,1256
6277,1105
6278,838
6279,798
6280,855
6281,1099
6282,1496
6283,1493
6284,1337
6285,1118
6286,957
6287,639
6288,140
6289,98
6290,77
6291,43
6292,15
6293,12
6294,26
6295,68
6296,201
6297,214
6298,324
6299,489
6300,1120
6301,1290
6302,1143
6303,1000
6304,1099
6305,1321
6306,1595
6307,1620
6308,1377
6309,1179
6310,968
6311,643
6312,149
6313,89
6314,74
6315,43
6316,19
6317,23
6318,34
6319,98
6320,201
6321,208
6322,400
6323,695
6324,1324
6325,1369
6326,1277
6327,1070
6328,1101
6329,1206
6330,1520
6331,1370
6332,1278
6333,1082
6334,791
6335,486
6336,198
6337,99
6338,58
6339,33
6340,50
6341,20
6342,27
6343,62
6344,214
6345,185
6346,341
6347,561
6348,1373
6349,1395
6350,1157
6351,1091
6352,1102
6353,1346
6354,1601
6355,1689
6356,1493
6357,1259
6358,934
6359,611
6360,177
6361,69
6362,62
6363,40
6364,17
6365,22
6366,58
6367,101
6368,341
6369,213
6370,411
6371,642
6372,1218
6373,1400
6374,1106
6375,999
6376,1139
6377,1268
6378,1279
6379,1453
6380,1222
6381,1094
6382,648
6383,355
6384,99
6385,55
6386,29
6387,36
6388,48
6389,17
6390,33
6391,92
6392,223
6393,194
6394,331
6395,503
6396,1106
6397,1096
6398,994
6399,885
6400,868
6401,970
6402,1182
6403,1156
6404,862
6405,767
6406,430
6407,207
6408,116
6409,75
6410,65
6411,14
6412,14
6413,12
6414,38
6415,98
6416,156
6417,156
6418,320
6419,533
6420,1114
6421,1106
6422,921
6423,791
6424,902
6425,1052
6426,1251
6427,1112
6428,1064
6429,750
6430,458
6431,376
6432,126
6433,87
6434,47
6435,41
6436,10
6437,18
6438,27
6439,85
6440,233
6441,207
6442,364
6443,698
6444,1332
6445,1318
6446,1111
6447,1034
6448,936
6449,1095
6450,1124
6451,1367
6452,1110
6453,828
6454,492
6455,256
6456,100
6457,90
6458,37
6459,43
6460,32
6461,20
6462,42
6463,63
6464,170
6465,219
6466,367
6467,534
6468,1155
6469,1224
6470,1002
6471,935
6472,940
6473,1001
6474,1174
6475,1111
6476,840
6477,606
6478,373
6479,186
6480,134
6481,74
6482,31
6483,14
6484,30
6485,26
6486,39
6487,101
6488,199
6489,210
6490,335
6491,503
6492,1064
6493,1189
6494,1029
6495,885
6496,885
6497,920
6498,1026
6499,971
6500,857
6501,707
6502,490
6503,286
6504,99
6505,81
6506,29
6507,28
6508,28
6509,18
6510,44
6511,105
6512,307
6513,190
6514,414
6515,797
6516,1379
6517,1556
6518,1238
6519,1077
6520,1127
6521,1152
6522,1241
6523,1233
6524,1083
6525,837
6526,501
6527,244
6528,128
6529,66
6530,24
6531,23
6532,21
6533,31
6534,42
6535,101
6536,185
6537,243
6538,343
6539,624
6540,1239
6541,1303
6542,1161
6543,1044
6544,1192
6545,1208
6546,1333
6547,1292
6548,1068
6549,733
6550,499
6551,318
6552,88
6553,44
6554,23
6555,37
6556,41
6557,19
6558,24
6559,74
6560,140
6561,203
6562,409
6563,610
6564,1023
6565,993
6566,898
6567,730
6568,829
6569,959
6570,1018
6571,1066
6572,799
6573,650
6574,375
6575,222
6576,157
6577,83
6578,39
6579,32
6580,18
6581,18
6582,35
6583,107
6584,198
6585,193
6586,326
6587,524
6588,1126
6589,1193
6590,1042
6591,958
6592,958
6593,1078
6594,1220
6595,1302
6596,1126
6597,925
6598,789
6599,441
6600,74
6601,60
6602,27
6603,29
6604,33
6605,25
6606,30
6607,50
6608,200
6609,178
6610,445
6611,600
6612,911
6613,1067
6614,1031
6615,888
6616,896
6617,993
6618,1013
6619,998
6620,763
6621,557
6622,354
6623,150
6624,77
6625,60
6626,64
6627,12
6628,20
6629,18
6630,26
6631,97
6632,197
6633,181
6634,441
6635,551
6636,1116
6637,950
6638,886
6639,831
6640,813
6641,1074
6642,976
6643,998
6644,727
6645,551
6646,351
6647,141
6648,147
6649,94
6650,47
6651,14
6652,21
6653,18
6654,27
6655,83
6656,203
6657,222
6658,412
6659,697
6660,1141
6661,1232
6662,1038
6663,1037
6664,942
6665,1134
6666,1350
6667,1350
6668,1071
6669,738
6670,642
6671,334
6672,98
6673,73
6674,66
6675,18
6676,11
6677,9
6678,26
6679,101
6680,222
6681,222
6682,357
6683,519
6684,1025
6685,1220
6686,997
6687,878
6688,910
6689,1048
6690,1092
6691,1012
6692,861
6693,738
6694,443
6695,213
6696,187
6697,74
6698,82
6699,42
6700,42
6701,24
6702,30
6703,46
6704,170
6705,229
6706,473
6707,705
6708,1216
6709,1180
6710,1081
6711,1045
6712,999
6713,1104
6714,1192
6715,1192
6716,935
6717,890
6718,550
6719,290
6720,104
6721,72
6722,74
6723,16
6724,58
6725,20
6726,29
6727,96
6728,177
6729,193
6730,546
6731,553
6732,1081
6733,1230
6734,940
6735,951
6736,890
6737,1119
6738,1329
6739,1223
6740,940
6741,850
6742,515
6743,305
6744,173
6745,88
6746,24
6747,33
6748,9
6749,14
6750,36
6751,111
6752,196
6753,198
6754,383
6755,696
6756,1268
6757,1179
6758,1007
6759,968
6760,994
6761,1070
6762,1170
6763,1200
6764,1020
6765,762
6766,572
6767,308
6768,180
6769,127
6770,68
6771,32
6772,15
6773,21
6774,34
6775,151
6776,213
6777,225
6778,423
6779,751
6780,1312
6781,1355
6782,1032
6783,1027
6784,975
6785,1089
6786,1325
6787,1294
6788,1246
6789,1161
6790,789
6791,397
6792,209
6793,130
6794,41
6795,19
6796,13
6797,27
6798,31
6799,78
6800,86
6801,136
6802,295
6803,658
6804,1087
6805,1319
6806,1290
6807,1169
6808,1232
6809,1131
6810,1379
6811,1269
6812,1087
6813,816
6814,477
6815,222
6816,110
6817,47
6818,46
6819,47
6820,20
6821,25
6822,25
6823,76
6824,164
6825,227
6826,338
6827,614
6828,1049
6829,1000
6830,747
6831,760
6832,843
6833,958
6834,1006
6835,1044
6836,839
6837,678
6838,425
6839,243
6840,157
6841,69
6842,37
6843,65
6844,54
6845,17
6846,45
6847,80
6848,203
6849,160
6850,377
6851,613
6852,1278
6853,1383
6854,1093
6855,1039
6856,1046
6857,1143
6858,1211
6859,1297
6860,1034
6861,861
6862,514
6863,309
6864,142
6865,112
6866,28
6867,15
6868,39
6869,16
6870,38
6871,84
6872,196
6873,166
6874,354
6875,650
6876,1265
6877,1305
6878,1152
6879,908
6880,911
6881,1097
6882,1274
6883,1108
6884,1081
6885,985
6886,538
6887,261
6888,101
6889,126
6890,51
6891,23
6892,22
6893,30
6894,42
6895,81
6896,185
6897,150
6898,435
6899,600
6900,1086
6901,1224
6902,933
6903,924
6904,946
6905,1090
6906,1118
6907,1127
6908,981
6909,771
6910,497
6911,235
6912,167
6913,94
6914,39
6915,25
6916,38
6917,44
6918,56
6919,93
6920,319
6921,225
6922,438
6923,635
6924,1337
6925,1537
6926,1139
6927,1113
6928,1122
6929,1188
6930,1412
6931,1242
6932,1122
6933,794
6934,790
6935,444
6936,101
6937,55
6938,47
6939,36
6940,32
6941,12
6942,28
6943,77
6944,215
6945,205
6946,297
6947,489
6948,1098
6949,1135
6950,845
6951,853
6952,887
6953,918
6954,1038
6955,937
6956,786
6957,510
6958,261
6959,166
6960,105
6961,75
6962,42
6963,45
6964,33
6965,11
6966,31
6967,73
6968,207
6969,216
6970,417
6971,670
6972,1233
6973,1255
6974,898
6975,862
6976,897
6977,1019
6978,1081
6979,842
6980,615
6981,521
6982,288
6983,156
6984,142
6985,70
6986,33
6987,30
6988,19
6989,35
6990,34
6991,97
6992,317
6993,206
6994,358
6995,561
6996,1140
6997,1168
6998,1052
6999,846
7000,806
7001,979
7002,1063
7003,1060
7004,1060
7005,776
7006,645
7007,274
7008,220
7009,84
7010,62
7011,20
7012,24
7013,26
7014,26
7015,70
7016,183
7017,197
7018,302
7019,546
7020,990
7021,1185
7022,1026
7023,980
7024,919
7025,995
7026,1028
7027,983
7028,866
7029,518
7030,362
7031,168
7032,267
7033,136
7034,80
7035,26
7036,28
7037,25
7038,21
7039,88
7040,162
7041,215
7042,393
7043,617
7044,1194
7045,1262
7046,1021
7047,989
7048,1024
7049,1171
7050,1690
7051,1686
7052,1544
7053,1332
7054,1185
7055,849
7056,103
7057,96
7058,40
7059,22
7060,22
7061,30
7062,48
7063,101
7064,251
7065,218
7066,393
7067,669
7068,1155
7069,1259
7070,1033
7071,1047
7072,1050
7073,1180
7074,1325
7075,1308
7076,1106
7077,894
7078,578
7079,290
7080,128
7081,48
7082,31
7083,16
7084,28
7085,11
7086,17
7087,74
7088,201
7089,188
7090,415
7091,535
7092,1058
7093,1104
7094,905
7095,789
7096,807
7097,1058
7098,1128
7099,1049
7100,973
7101,704
7102,462
7103,265
7104,99
7105,64
7106,73
7107,32
7108,70
7109,25
7110,34
7111,86
7112,245
7113,244
7114,413
7115,577
7116,1169
7117,1255
7118,913
7119,1003
7120,917
7121,1048
7122,1216
7123,1168
7124,919
7125,696
7126,401
7127,250
7128,116
7129,87
7130,40
7131,52
7132,5
7133,3
7134,24
7135,84
7136,176
7137,178
7138,368
7139,565
7140,939
7141,1040
7142,895
7143,899
7144,926
7145,832
7146,973
7147,933
7148,639
7149,535
7150,350
7151,140
7152,129
7153,91
7154,47
7155,15
7156,46
7157,21
7158,38
7159,90
7160,203
7161,226
7162,316
7163,453
7164,850
7165,1133
7166,852
7167,793
7168,854
7169,977
7170,1135
7171,1041
7172,896
7173,822
7174,555
7175,366
7176,181
7177,116
7178,103
7179,53
7180,35
7181,46
7182,52
7183,98
7184,252
7185,202
7186,353
7187,642
7188,1181
7189,1324
7190,937
7191,987
7192,932
7193,1242
7194,1344
7195,1327
7196,1083
7197,834
7198,912
7199,413
7200,349
7201,187
7202,100
7203,65
7204,65
7205,40
7206,20
7207,41
7208,48
7209,104
7210,461
7211,771
7212,1449
7213,1622
7214,1389
7215,1446
7216,1240
7217,1268
7218,1320
7219,1449
7220,1438
7221,1318
7222,1075
7223,484
7224,219
7225,143
7226,120
7227,27
7228,15
7229,23
7230,36
7231,88
7232,223
7233,212
7234,317
7235,487
7236,1002
7237,1063
7238,718
7239,773
7240,759
7241,989
7242,1156
7243,1211
7244,1107
7245,1094
7246,879
7247,582
7248,124
7249,51
7250,37
7251,12
7252,15
7253,23
7254,31
7255,89
7256,188
7257,316
7258,442
7259,656
7260,1250
7261,1427
7262,1229
7263,993
7264,944
7265,1056
7266,1144
7267,1068
7268,855
7269,681
7270,411
7271,245
7272,80
7273,78
7274,34
7275,23
7276,23
7277,16
7278,43
7279,94
7280,255
7281,245
7282,333
7283,544
7284,1012
7285,975
7286,886
7287,883
7288,866
7289,1077
7290,1116
7291,1070
7292,730
7293,561
7294,310
7295,143
7296,223
7297,158
7298,116
7299,54
7300,41
7301,16
7302,54
7303,76
7304,258
7305,232
7306,353
7307,629
7308,1195
7309,1387
7310,1179
7311,1119
7312,1081
7313,1400
7314,1628
7315,1560
7316,1578
7317,1409
7318,1246
7319,694
7320,98
7321,55
7322,35
7323,33
7324,13
7325,10
7326,28
7327,67
7328,164
7329,182
7330,363
7331,544
7332,976
7333,1106
7334,937
7335,805
7336,821
7337,995
7338,1042
7339,900
7340,705
7341,451
7342,276
7343,155
7344,147
7345,55
7346,41
7347,18
7348,9
7349,19
7350,29
7351,65
7352,159
7353,173
7354,376
7355,703
7356,1230
7357,1371
7358,1172
7359,1027
7360,952
7361,1189
7362,1242
7363,1286
7364,1098
7365,815
7366,491
7367,249
7368,94
7369,45
7370,41
7371,20
7372,17
7373,7
7374,20
7375,85
7376,195
7377,222
7378,361
7379,628
7380,1090
7381,1243
7382,1104
7383,836
7384,837
7385,1125
7386,1441
7387,1315
7388,1051
7389,892
7390,573
7391,241
7392,74
7393,48
7394,23
7395,22
7396,12
7397,23
7398,31
7399,58
7400,203
7401,225
7402,346
7403,594
7404,1102
7405,1081
7406,885
7407,791
7408,889
7409,1087
7410,1120
7411,972
7412,791
7413,634
7414,392
7415,186
7416,147
7417,54
7418,32
7419,6
7420,19
7421,13
7422,25
7423,97
7424,212
7425,204
7426,456
7427,691
7428,1198
7429,1129
7430,993
7431,871
7432,839
7433,934
7434,1141
7435,1119
7436,926
7437,807
7438,599
7439,267
7440,89
7441,48
7442,22
7443,14
7444,14
7445,22
7446,29
7447,106
7448,252
7449,223
7450,403
7451,631
7452,1077
7453,1034
7454,908
7455,840
7456,764
7457,1103
7458,1244
7459,1044
7460,859
7461,588
7462,327
7463,169
7464,116
7465,74
7466,42
7467,27
7468,23
7469,22
7470,30
7471,70
7472,156
7473,195
7474,374
7475,558
7476,1054
7477,1029
7478,752
7479,749
7480,777
7481,868
7482,997
7483,923
7484,750
7485,623
7486,369
7487,171
7488,111
7489,49
7490,18
7491,6
7492,17
7493,16
7494,54
7495,56
7496,166
7497,179
7498,360
7499,507
7500,948
7501,1090
7502,934
7503,873
7504,787
7505,987
7506,1136
7507,924
7508,771
7509,520
7510,359
7511,197
7512,98
7513,53
7514,31
7515,23
7516,21
7517,32
7518,12
7519,70
7520,138
7521,157
7522,267
7523,477
7524,1138
7525,1093
7526,944
7527,1014
7528,969
7529,1112
7530,1191
7531,1191
7532,955
7533,731
7534,500
7535,247
7536,90
7537,67
7538,46
7539,42
7540,31
7541,29
7542,24
7543,70
7544,147
7545,168
7546,313
7547,594
7548,1060
7549,1077
7550,878
7551,794
7552,805
7553,992
7554,1059
7555,930
7556,714
7557,511
7558,320
7559,145
7560,129
7561,75
7562,53
7563,30
7564,25
7565,24
7566,41
7567,101
7568,264
7569,204
7570,392
7571,666
7572,1207
7573,1203
7574,1025
7575,1022
7576,913
7577,1211
7578,1238
7579,1229
7580,1059
7581,846
7582,522
7583,290
7584,125
7585,66
7586,27
7587,14
7588,59
7589,86
7590,52
7591,79
7592,246
7593,163
7594,344
7595,593
7596,1193
7597,1182
7598,899
7599,882
7600,795
7601,1009
7602,1192
7603,1078
7604,932
7605,796
7606,552
7607,302
7608,195
7609,98
7610,65
7611,21
7612,21
7613,16
7614,39
7615,46
7616,151
7617,181
7618,402
7619,666
7620,1287
7621,1442
7622,1158
7623,985
7624,936
7625,1384
7626,1629
7627,1534
7628,1263
7629,1217
7630,969
7631,739
7632,212
7633,91
7634,75
7635,49
7636,37
7637,15
7638,33
7639,98
7640,243
7641,263
7642,386
7643,602
7644,1157
7645,1202
7646,934
7647,954
7648,902
7649,1200
7650,1350
7651,1393
7652,1188
7653,1109
7654,785
7655,419
7656,203
7657,119
7658,66
7659,63
7660,50
7661,31
7662,38
7663,85
7664,196
7665,201
7666,392
7667,571
7668,1158
7669,1156
7670,975
7671,954
7672,937
7673,1182
7674,1539
7675,1680
7676,1470
7677,1323
7678,1130
7679,673
7680,69
7681,30
7682,13
7683,33
7684,27
7685,30
7686,28
7687,82
7688,175
7689,199
7690,342
7691,576
7692,1108
7693,1077
7694,814
7695,812
7696,776
7697,841
7698,1179
7699,1163
7700,796
7701,677
7702,455
7703,207
7704,136
7705,99
7706,65
7707,77
7708,25
7709,24
7710,30
7711,85
7712,224
7713,218
7714,388
7715,702
7716,1312
7717,1355
7718,1041
7719,938
7720,1034
7721,1365
7722,1633
7723,1675
7724,1448
7725,1288
7726,970
7727,765
7728,214
7729,114
7730,86
7731,54
7732,15
7733,18
7734,45
7735,102
7736,166
7737,205
7738,441
7739,589
7740,1172
7741,1232
7742,982
7743,849
7744,898
7745,1286
7746,1693
7747,1600
7748,1496
7749,1294
7750,975
7751,711
7752,161
7753,98
7754,61
7755,51
7756,31
7757,15
7758,26
7759,68
7760,150
7761,246
7762,359
7763,674
7764,1301
7765,1337
7766,1110
7767,988
7768,996
7769,1285
7770,1563
7771,1703
7772,1528
7773,1340
7774,1147
7775,762
7776,171
7777,142
7778,45
7779,42
7780,33
7781,13
7782,40
7783,89
7784,253
7785,249
7786,392
7787,667
7788,1277
7789,1222
7790,917
7791,922
7792,929
7793,1013
7794,1174
7795,1141
7796,836
7797,852
7798,577
7799,301
7800,161
7801,92
7802,49
7803,21
7804,17
7805,17
7806,28
7807,81
7808,172
7809,170
7810,326
7811,615
7812,1141
7813,1077
7814,966
7815,958
7816,935
7817,1091
7818,1271
7819,1094
7820,923
7821,492
7822,331
7823,237
7824,104
7825,100
7826,31
7827,16
7828,26
7829,17
7830,34
7831,100
7832,236
7833,279
7834,431
7835,597
7836,1248
7837,1280
7838,1046
7839,975
7840,910
7841,1083
7842,1277
7843,1313
7844,1102
7845,894
7846,725
7847,530
7848,178
7849,78
7850,22
7851,11
7852,32
7853,20
7854,34
7855,107
7856,277
7857,234
7858,388
7859,574
7860,931
7861,985
7862,949
7863,829
7864,831
7865,910
7866,1028
7867,951
7868,800
7869,471
7870,363
7871,164
7872,123
7873,51
7874,28
7875,24
7876,24
7877,16
7878,32
7879,63
7880,244
7881,229
7882,391
7883,705
7884,1206
7885,1240
7886,1034
7887,940
7888,920
7889,1114
7890,1326
7891,1169
7892,891
7893,752
7894,602
7895,258
7896,94
7897,89
7898,44
7899,22
7900,11
7901,5
7902,31
7903,77
7904,202
7905,200
7906,296
7907,564
7908,1028
7909,1115
7910,881
7911,939
7912,910
7913,988
7914,1204
7915,1188
7916,892
7917,727
7918,498
7919,257
7920,213
7921,113
7922,51
7923,25
7924,31
7925,25
7926,39
7927,130
7928,269
7929,230
7930,387
7931,696
7932,1360
7933,1571
7934,1294
7935,1203
7936,1065
7937,1456
7938,1711
7939,1919
7940,1586
7941,1452
7942,1112
7943,992
7944,74
7945,56
7946,45
7947,20
7948,52
7949,17
7950,26
7951,72
7952,137
7953,201
7954,377
7955,572
7956,1036
7957,1176
7958,940
7959,831
7960,773
7961,1028
7962,1190
7963,1113
7964,902
7965,682
7966,431
7967,225
7968,325
7969,208
7970,109
7971,77
7972,27
7973,9
7974,17
7975,48
7976,96
7977,200
7978,359
7979,706
7980,1164
7981,1418
7982,1359
7983,1227
7984,1187
7985,1119
7986,1329
7987,1215
7988,962
7989,776
7990,557
7991,414
7992,114
7993,112
7994,32
7995,55
7996,27
7997,19
7998,27
7999,107
8000,199
8001,207
8002,419
8003,610
8004,1123
8005,898
8006,691
8007,605
8008,623
8009,831
8010,992
8011,1048
8012,889
8013,595
8014,348
8015,189
8016,183
8017,123
8018,78
8019,59
8020,28
8021,13
8022,24
8023,104
8024,258
8025,288
8026,437
8027,811
8028,1417
8029,1427
8030,1247
8031,1004
8032,1036
8033,1380
8034,1757
8035,1809
8036,1646
8037,1520
8038,1147
8039,800
8040,139
8041,88
8042,51
8043,38
8044,20
8045,9
8046,27
8047,95
8048,192
8049,221
8050,327
8051,501
8052,1018
8053,1168
8054,1005
8055,866
8056,808
8057,984
8058,1036
8059,988
8060,765
8061,576
8062,362
8063,170
8064,175
8065,80
8066,66
8067,49
8068,40
8069,18
8070,47
8071,92
8072,222
8073,293
8074,113
8075,691
8076,1109
8077,1257
8078,984
8079,953
8080,979
8081,1314
8082,1525
8083,1570
8084,1408
8085,1104
8086,896
8087,554
8088,160
8089,140
8090,107
8091,65
8092,15
8093,31
8094,35
8095,61
8096,185
8097,172
8098,341
8099,666
8100,1360
8101,1535
8102,1214
8103,970
8104,1090
8105,1407
8106,1562
8107,1580
8108,1386
8109,1207
8110,959
8111,664
8112,115
8113,89
8114,102
8115,42
8116,27
8117,17
8118,26
8119,101
8120,269
8121,245
8122,367
8123,665
8124,1114
8125,1199
8126,1109
8127,967
8128,1034
8129,1140
8130,1228
8131,1187
8132,1043
8133,792
8134,607
8135,317
8136,108
8137,67
8138,66
8139,27
8140,31
8141,22
8142,24
8143,86
8144,169
8145,183
8146,390
8147,702
8148,1191
8149,1277
8150,1046
8151,1043
8152,1029
8153,1146
8154,1288
8155,1278
8156,1009
8157,795
8158,650
8159,321
8160,366
8161,187
8162,87
8163,69
8164,63
8165,24
8166,18
8167,61
8168,148
8169,126
8170,320
8171,667
8172,1198
8173,1258
8174,1248
8175,1121
8176,1111
8177,1251
8178,1314
8179,1168
8180,1021
8181,717
8182,468
8183,325
8184,118
8185,41
8186,40
8187,16
8188,47
8189,20
8190,25
8191,102
8192,241
8193,229
8194,340
8195,594
8196,913
8197,1064
8198,828
8199,799
8200,743
8201,949
8202,1177
8203,1095
8204,897
8205,723
8206,475
8207,247
8208,176
8209,105
8210,70
8211,23
8212,9
8213,22
8214,14
8215,81
8216,186
8217,266
8218,465
8219,607
8220,1244
8221,1194
8222,1016
8223,923
8224,1028
8225,1221
8226,1626
8227,1527
8228,1423
8229,1221
8230,1053
8231,745
8232,136
8233,95
8234,37
8235,34
8236,22
8237,13
8238,38
8239,95
8240,246
8241,232
8242,447
8243,672
8244,1303
8245,1314
8246,1120
8247,1069
8248,1125
8249,1454
8250,1809
8251,1706
8252,1460
8253,1249
8254,895
8255,729
8256,153
8257,75
8258,47
8259,27
8260,8
8261,19
8262,36
8263,107
8264,159
8265,208
8266,406
8267,683
8268,1304
8269,1404
8270,1150
8271,947
8272,911
8273,1104
8274,1259
8275,1331
8276,1076
8277,841
8278,553
8279,277
8280,103
8281,65
8282,69
8283,34
8284,15
8285,28
8286,29
8287,82
8288,282
8289,220
8290,426
8291,677
8292,1195
8293,1319
8294,983
8295,984
8296,962
8297,1047
8298,1140
8299,1043
8300,981
8301,667
8302,374
8303,211
8304,238
8305,164
8306,83
8307,31
8308,48
8309,25
8310,24
8311,106
8312,231
8313,188
8314,418
8315,764
8316,1288
8317,1349
8318,1074
8319,985
8320,1168
8321,1373
8322,1564
8323,1565
8324,1558
8325,1297
8326,1054
8327,1013
8328,135
8329,104
8330,79
8331,34
8332,46
8333,32
8334,41
8335,65
8336,225
8337,199
8338,347
8339,557
8340,1120
8341,1095
8342,919
8343,909
8344,863
8345,1001
8346,1063
8347,1180
8348,918
8349,686
8350,378
8351,185
8352,156
8353,95
8354,52
8355,32
8356,24
8357,26
8358,37
8359,80
8360,238
8361,222
8362,485
8363,705
8364,1269
8365,1356
8366,1144
8367,970
8368,1073
8369,1301
8370,1629
8371,1577
8372,1593
8373,1439
8374,1240
8375,799
8376,132
8377,64
8378,23
8379,24
8380,30
8381,27
8382,23
8383,87
8384,207
8385,210
8386,338
8387,480
8388,903
8389,973
8390,820
8391,856
8392,884
8393,1139
8394,1250
8395,1167
8396,957
8397,768
8398,506
8399,336
8400,151
8401,65
8402,25
8403,16
8404,21
8405,27
8406,27
8407,116
8408,220
8409,254
8410,363
8411,634
8412,1116
8413,1214
8414,963
8415,952
8416,927
8417,1132
8418,1202
8419,1122
8420,1097
8421,879
8422,642
8423,345
8424,86
8425,64
8426,63
8427,22
8428,16
8429,28
8430,35
8431,72
8432,231
8433,183
8434,386
8435,537
8436,1130
8437,1210
8438,918
8439,836
8440,854
8441,1013
8442,1149
8443,1053
8444,875
8445,540
8446,307
8447,166
8448,147
8449,93
8450,50
8451,36
8452,25
8453,13
8454,35
8455,87
8456,199
8457,214
8458,500
8459,600
8460,1162
8461,1094
8462,953
8463,805
8464,845
8465,1003
8466,1164
8467,1156
8468,885
8469,686
8470,346
8471,282
8472,110
8473,67
8474,54
8475,30
8476,15
8477,25
8478,30
8479,64
8480,230
8481,278
8482,364
8483,580
8484,1044
8485,1075
8486,936
8487,774
8488,831
8489,1060
8490,1298
8491,1251
8492,962
8493,743
8494,470
8495,281
8496,138
8497,67
8498,61
8499,29
8500,36
8501,18
8502,28
8503,81
8504,165
8505,204
8506,416
8507,641
8508,1259
8509,1286
8510,1092
8511,965
8512,1053
8513,1329
8514,1602
8515,1744
8516,1504
8517,1144
8518,1062
8519,719
8520,109
8521,105
8522,18
8523,24
8524,19
8525,10
8526,27
8527,81
8528,164
8529,210
8530,352
8531,555
8532,1113
8533,1232
8534,958
8535,707
8536,687
8537,927
8538,1259
8539,1186
8540,907
8541,736
8542,443
8543,293
8544,77
8545,58
8546,45
8547,29
8548,35
8549,15
8550,19
8551,91
8552,155
8553,181
8554,359
8555,517
8556,962
8557,923
8558,815
8559,807
8560,850
8561,934
8562,1083
8563,992
8564,763
8565,533
8566,340
8567,180
8568,227
8569,101
8570,47
8571,42
8572,76
8573,24
8574,34
8575,89
8576,164
8577,214
8578,377
8579,631
8580,1282
8581,1344
8582,1151
8583,1084
8584,1124
8585,1124
8586,1259
8587,1216
8588,1004
8589,765
8590,496
8591,259
8592,140
8593,57
8594,45
8595,32
8596,19
8597,23
8598,32
8599,89
8600,159
8601,207
8602,344
8603,535
8604,1024
8605,1156
8606,959
8607,804
8608,782
8609,1084
8610,1219
8611,1301
8612,1056
8613,846
8614,635
8615,378
8616,120
8617,57
8618,37
8619,28
8620,13
8621,14
8622,18
8623,80
8624,187
8625,174
8626,275
8627,605
8628,958
8629,1169
8630,807
8631,865
8632,774
8633,938
8634,1187
8635,1055
8636,753
8637,630
8638,393
8639,232
8640,207
8641,147
8642,71
8643,57
8644,39
8645,29
8646,36
8647,85
8648,240
8649,210
8650,391
8651,624
8652,1343
8653,1473
8654,1178
8655,1150
8656,1090
8657,1200
8658,1440
8659,1478
8660,1506
8661,1290
8662,1106
8663,769
8664,293
8665,180
8666,73
8667,96
8668,85
8669,44
8670,86
8671,159
8672,218
8673,414
8674,750
8675,1227
8676,1775
8677,2045
8678,1938
8679,1845
8680,1656
8681,1443
8682,1604
8683,1505
8684,1553
8685,1399
8686,993
8687,557
8688,149
8689,88
8690,39
8691,30
8692,22
8693,9
8694,30
8695,64
8696,215
8697,267
8698,483
8699,671
8700,1251
8701,1174
8702,1039
8703,921
8704,867
8705,1247
8706,1264
8707,1355
8708,1189
8709,961
8710,690
8711,328
