Time,root.SmoothSubspace.d0.s0
0,0.48105169
1,0.61451433
2,0.61837825
3,0.49711009
4,0.65952413
5,0.8790139
6,0.66280806
7,0.32881421
8,0.40238833
9,0.38724543
10,0.042659856
11,0.042297798
12,0.41704745
13,0.42791092
14,0.42485841
15,0.51757922
16,0.64775148
17,0.75772918
18,0.55097003
19,0.59862483
20,0.31852425
21,0.3985895
22,0.12788838
23,0.70322322
24,0.8161401
25,0.99615611
26,0.240905
27,0.93713467
28,0.43618496
29,0.57892349
30,0.41742418
31,0.6100467
32,0.79012242
33,0.52506635
34,0.59765929
35,0.44240231
36,0.1925104
37,0.19665819
38,0.75809928
39,0.098518738
40,0.53566419
41,0.39000491
42,0.070684335
43,0.67477647
44,0.055976157
45,0.63227456
46,0.62615228
47,0.77108582
48,0.45171332
49,0.6186154
50,0.56055953
51,0.85409995
52,0.13208296
53,0.17043202
54,0.35507365
55,0.69378761
56,0.48959434
57,0.66693153
58,0.61280959
59,0.26013019
60,0.49413124
61,0.60119235
62,0.72800249
63,0.41120704
64,0.58113994
65,0.74870572
66,0.78555899
67,0.60786591
68,0.21756331
69,0.64206083
70,0.51181992
71,0.047554673
72,0.64630196
73,0.071037084
74,0.68006553
75,0.51289055
76,0.58256453
77,0.74551006
78,0.4872114
79,0.60740898
80,0.53406413
81,0.13393125
82,0.54954011
83,0.55573794
84,0.31742786
85,0.3545343
86,0.71504501
87,0.82953282
88,0.82662951
89,0.86688705
90,0.46525358
91,0.68137461
92,0.57654113
93,0.55992327
94,0.63409222
95,0.75493327
96,0.049532579
97,0.0132832
98,0.43248499
99,0.46326058
100,0.98610424
101,0.89444776
102,0.87779907
103,0.72085567
104,0.67116623
105,0.46475754
106,0.64456768
107,0.74085281
108,0.51981067
109,0.64256238
110,0.58802606
111,0.86044056
112,0.39652079
113,0.1682513
114,0.064187087
115,0.75052006
116,0.71112855
117,0.72838682
118,0.51545845
119,0.45194571
120,0.53927021
121,0.69272972
122,0.68421353
123,0.49563993
124,0.5811592
125,0.40458
126,0.73864029
127,0.17811695
128,0.78936394
129,0.59749019
130,0.2237704
131,0.10788891
132,0.40349114
133,0.45039358
134,0.36003104
135,0.52156894
136,0.69256929
137,0.6150823
138,0.53115835
139,0.62647589
140,0.39679152
141,0.20846136
142,0.53377195
143,0.31581144
144,0.54644944
145,0.61644349
146,0.33042361
147,0.36245928
148,0.83187134
149,0.91682127
150,0.46588491
151,0.5817266
152,0.66735764
153,0.45015136
154,0.63406682
155,0.8335006
156,0.62095864
157,0.52610247
158,0.53120929
159,0.92109726
160,0.66238186
161,0.73907223
162,0.28662039
163,0.14651486
164,0.51697901
165,0.4645167
166,0.58927349
167,0.82918454
168,0.50816799
169,0.58268107
170,0.76911439
171,0.27029433
172,0.90513474
173,0.059403297
174,0.32583363
175,0.10694166
176,0.54930853
177,0.47557293
178,0.40007975
179,0.84870923
180,0.57345172
181,0.61511509
182,0.80450363
183,0.53543396
184,0.59856791
185,0.93285357
186,0.66094456
187,0.20894667
188,0.38827163
189,0.5583192
190,0.72317348
191,0.09908965
192,0.34800766
193,0.67322599
194,0.69375257
195,0.59469425
196,0.5805984
197,0.67651162
198,0.45557595
199,0.63871435
200,0.63931696
201,0.86543859
202,0.1181552
203,0.58318573
204,0.62067195
205,0.42111225
206,0.72951305
207,0.6671203
208,0.86414753
209,0.69538995
210,0.49679278
211,0.69683483
212,0.71838802
213,0.43947028
214,0.59937059
215,0.62789638
216,0.083482814
217,0.33584897
218,0.77193392
219,0.42264565
220,0.18061689
221,0.19324533
222,0.33166524
223,0.88248631
224,0.73427111
225,0.43550565
226,0.51808224
227,0.70139943
228,0.54789442
229,0.67270584
230,0.10969746
231,0.57466122
232,0.81820404
233,0.68502847
234,0.5306293
235,0.26532204
236,0.76692167
237,0.65134953
238,0.14887672
239,0.83627042
240,0.40634885
241,0.64834572
242,0.75705862
243,0.53338003
244,0.52650603
245,0.81539721
246,0.17710753
247,0.64071792
248,0.68409607
249,0.60499064
250,0.77095422
251,0.96353029
252,0.75674921
253,0.45389347
254,0.29755538
255,0.42842048
256,0.56214408
257,0.75158172
258,0.491307
259,0.58433748
260,0.43864498
261,0.16646044
262,0.60346798
263,0.72292252
264,0.16351237
265,0.33669926
266,0.83780318
267,0.98090364
268,0.095372693
269,0.66159619
270,0.58021059
271,0.70777488
272,0.74913578
273,0.54223342
274,0.53794867
275,0.32756543
276,0.10570943
277,0.048447339
278,0.42310939
279,0.65369989
280,0.98830226
281,0.97273389
282,0.30081902
283,0.011680991
284,0.7628871
285,0.4318812
286,0.61848577
287,0.66191057
288,0.48858718
289,0.56465191
290,0.19986282
291,0.98439831
292,0.78017553
293,0.31747978
294,0.67120219
295,0.55179251
296,0.59060865
297,0.025857471
298,0.4300018
299,0.5326235
300,0.43288655
301,0.64758397
302,0.68078111
303,0.4577673
304,0.6346398
305,0.15475235
306,0.93440512
307,0.061590667
308,0.19624892
309,0.76732951
310,0.58353317
311,0.62457292
312,0.5767583
313,0.33068207
314,0.83969742
315,0.4627767
316,0.65263917
317,0.77448947
318,0.45120076
319,0.66634164
320,0.11170574
321,0.93914171
322,0.89047568
323,0.21203084
324,0.78907351
325,0.34644876
326,0.2815077
327,0.37253424
328,0.61347488
329,0.11261514
330,0.5274097
331,0.63418445
332,0.7742413
333,0.52050314
334,0.65197842
335,0.40695484
336,0.85893882
337,0.33758386
338,0.316429
339,0.71521251
340,0.58357062
341,0.66043797
342,0.44653098
343,0.49180625
344,0.55388707
345,0.46252507
346,0.65039873
347,0.6909447
348,0.43156766
349,0.64369654
350,0.14999725
351,0.62988339
352,0.071452813
353,0.78442789
354,0.74064806
355,0.24862896
356,0.43172117
357,0.046191556
358,0.32604217
359,0.50021132
360,0.4813204
361,0.64949827
362,0.74107032
363,0.52546888
364,0.67043682
365,0.52249531
366,0.80134761
367,0.28784934
368,0.86693029
369,0.87111112
370,0.73422969
371,0.62371641
372,0.81115089
373,0.88283761
374,0.15649522
375,0.51769357
376,0.66007707
377,0.71494182
378,0.39639527
379,0.70422469
380,0.39345636
381,0.86271072
382,0.59721135
383,0.53087226
384,0.93573087
385,0.38330632
386,0.62892394
387,0.5449059
388,0.49790294
389,0.83418906
390,0.50824374
391,0.61411968
392,0.63055764
393,0.48742853
394,0.62774184
395,0.054974147
396,0.84220661
397,0.94300814
398,0.62249726
399,0.8667499
400,0.72610443
401,0.80675954
402,0.072051551
403,0.59336186
404,0.36044889
405,0.51896034
406,0.53748938
407,0.74551605
408,0.5112202
409,0.56141838
410,0.73634007
411,0.14651491
412,0.45605767
413,0.10975505
414,0.16356991
415,0.98914491
416,0.71357401
417,0.28594686
418,0.11703682
419,0.019621067
420,0.53886193
421,0.6939486
422,0.78973396
423,0.50985124
424,0.61629206
425,0.69626634
426,0.76902909
427,0.91213247
428,0.48448037
429,0.12487276
430,0.6273465
431,0.31194006
432,0.93004063
433,0.27528695
434,0.10933424
435,0.58238495
436,0.60825565
437,0.79051256
438,0.52443113
439,0.64376788
440,0.089950679
441,0.030889549
442,0.48522941
443,0.18443367
444,0.81453977
445,0.97125882
446,0.85618229
447,0.84908548
448,0.39453468
449,0.40677676
450,0.55846366
451,0.67321147
452,0.73006868
453,0.50725943
454,0.64347167
455,0.4243095
456,0.49911601
457,0.046351265
458,0.39600675
459,0.54088408
460,0.88535945
461,0.83315199
462,0.56071341
463,0.56192015
464,0.9080522
465,0.57396551
466,0.55691528
467,0.77355636
468,0.62422306
469,0.62284734
470,0.78996303
471,0.17760246
472,0.10481324
473,0.89292241
474,0.39076208
475,0.71957013
476,0.45134058
477,0.37231266
478,0.064633591
479,0.23929061
480,0.4447078
481,0.62160672
482,0.64740848
483,0.51899746
484,0.6359999
485,0.49500582
486,0.64819841
487,0.08852746
488,0.31342899
489,0.44396416
490,0.12565459
491,0.58820939
492,0.20677646
493,0.25858225
494,0.40362866
495,0.49337907
496,0.55254514
497,0.77830386
498,0.46188534
499,0.65394435
500,0.51442346
501,0.73784165
502,0.69253199
503,0.098594093
504,0.75194639
505,0.41159351
506,0.28150156
507,0.94373154
508,0.99685021
509,0.94191893
510,0.54040384
511,0.50850664
512,0.78213168
513,0.51260911
514,0.65477443
515,0.98987215
516,0.72866168
517,0.28797698
518,0.1343033
519,0.25761374
520,0.52784683
521,0.66265383
522,0.88401674
523,0.57083843
524,0.44063468
525,0.459756
526,0.58343167
527,0.73712261
528,0.48934765
529,0.57640526
530,0.68341587
531,0.042652411
532,0.99538973
533,0.18746081
534,0.89438938
535,0.93939836
536,0.34328789
537,0.98477624
538,0.32485544
539,0.83222148
540,0.65474617
541,0.58302056
542,0.81210518
543,0.49640311
544,0.62034735
545,0.063591371
546,0.84517819
547,0.10022154
548,0.59794164
549,0.83242339
550,0.9245809
551,0.93447827
552,0.23123782
553,0.89971348
554,0.73138707
555,0.62052286
556,0.6645708
557,0.76061779
558,0.49866549
559,0.6290243
560,0.16725355
561,0.05207789
562,0.70725349
563,0.63176637
564,0.5773942
565,0.29550725
566,0.03192263
567,0.89611135
568,0.85932041
569,0.93855786
570,0.35578579
571,0.6390992
572,0.70260912
573,0.50195712
574,0.50469892
575,0.58609207
576,0.031991016
577,0.24248656
578,0.29157032
579,0.74368834
580,0.45163877
581,0.99756035
582,0.19547676
583,0.4564246
584,0.2179938
585,0.57151493
586,0.64250897
587,0.70514927
588,0.37815567
589,0.68751006
590,0.24278536
591,0.48956999
592,0.89719135
593,0.69475219
594,0.21216321
595,0.02999195
596,0.13754659
597,0.58243296
598,0.018612775
599,0.59958555
600,0.44564649
601,0.58382067
602,0.66546605
603,0.4428075
604,0.60098746
605,0.52005247
606,0.20940508
607,0.21260153
608,0.10484625
609,0.76389794
610,0.5300517
611,0.054616615
612,0.05479179
613,0.60962969
614,0.078069053
615,0.49475605
616,0.56717992
617,0.72377303
618,0.47895314
619,0.61237167
620,0.44230541
621,0.28186686
622,0.29734682
623,0.79783026
624,0.70270231
625,0.68383861
626,0.12477404
627,0.8389696
628,0.34271322
629,0.52012942
630,0.68191985
631,0.71059439
632,0.71988312
633,0.5443035
634,0.67707754
635,0.21867663
636,0.49809429
637,0.46483994
638,0.36643662
639,0.68553571
640,0.17685506
641,0.17712375
642,0.083873508
643,0.55828492
644,0.69480329
645,0.39005766
646,0.63000464
647,0.77546109
648,0.52357453
649,0.53984395
650,0.54471611
651,0.61256647
652,0.98841793
653,0.74003233
654,0.15436981
655,0.18410029
656,0.22427707
657,0.58643961
658,0.38888378
659,0.72016461
660,0.53934426
661,0.67992123
662,0.72020295
663,0.45650192
664,0.70470077
665,0.86113981
666,0.016982938
667,0.56186143
668,0.29406633
669,0.65369013
670,0.74584748
671,0.51015252
672,0.73596616
673,0.82657889
674,0.050339987
675,0.57748488
676,0.526955
677,0.71429649
678,0.48387076
679,0.58696068
680,0.77198039
681,0.62595979
682,0.17566903
683,0.20567452
684,0.35960632
685,0.045051107
686,0.89589157
687,0.15223401
688,0.28495022
689,0.43027785
690,0.44262565
691,0.66626094
692,0.80817286
693,0.4794465
694,0.60496303
695,0.1388742
696,0.98230322
697,0.4684682
698,0.64194062
699,0.42935579
700,0.3838686
701,0.77249507
702,0.09427839
703,0.40731842
704,0.70557186
705,0.53438536
706,0.59832214
707,0.80819732
708,0.51937561
709,0.69579998
710,0.019577624
711,0.53859668
712,0.062045221
713,0.48760378
714,0.15359038
715,0.78373648
716,0.73058536
717,0.43326056
718,0.37569214
719,0.86386822
720,0.51925953
721,0.5583161
722,0.72862345
723,0.61188894
724,0.54194932
725,0.044454092
726,0.36241146
727,0.44172206
728,0.96442267
729,0.68156043
730,0.80444958
731,0.48565167
732,0.72175327
733,0.88440505
734,0.12218915
735,0.44955648
736,0.54614715
737,0.68060195
738,0.49030277
739,0.64400713
740,0.34771267
741,0.55229134
742,0.89494168
743,0.11228396
744,0.75932738
745,0.27506976
746,0.50128291
747,0.30366138
748,0.57473716
749,0.66904259
750,0.17385304
751,0.9328979
752,0.32868961
753,0.009332512
754,0.25448084
755,0.26805346
756,0.36300751
757,0.38431974
758,0.3223509
759,0.4363561
760,0.74618494
761,0.42100578
762,0.89423571
763,0.37406019
764,0.084997065
765,0.026107108
766,0.39066754
767,0.65011803
768,0.91502591
769,0.32415421
770,0.20429908
771,0.26586794
772,0.35394332
773,0.29922808
774,0.33843526
775,0.46791047
776,0.092068707
777,0.77836066
778,0.92268522
779,0.922358
780,0.49506692
781,0.90644327
782,0.44252996
783,0.40745574
784,0.80511242
785,0.1337115
786,0.38190808
787,0.40671229
788,0.34805257
789,0.3586132
790,0.42408482
791,0.88656379
792,0.5444177
793,0.30195347
794,0.64019425
795,0.13864897
796,0.37384767
797,0.55217503
798,0.70206645
799,0.58251852
800,0.33075737
801,0.34770133
802,0.44786512
803,0.34504927
804,0.38627325
805,0.62790418
806,0.034833821
807,0.13228533
808,0.99761618
809,0.79458942
810,0.60863543
811,0.22126573
812,0.35650893
813,0.8413691
814,0.32529899
815,0.27688946
816,0.35323584
817,0.41887459
818,0.2890348
819,0.39725781
820,0.89640978
821,0.94478399
822,0.8280956
823,0.55196185
824,0.38391351
825,0.71649735
826,0.60026215
827,0.55882055
828,0.63932376
829,0.99170372
830,0.24401658
831,0.36981221
832,0.3434273
833,0.24694709
834,0.38914913
835,0.24417289
836,0.77220673
837,0.12338138
838,0.55530762
839,0.3147835
840,0.55230984
841,0.010979092
842,0.18657144
843,0.35411647
844,0.76959693
845,0.33401515
846,0.40387778
847,0.37704909
848,0.29865378
849,0.4114194
850,0.23316769
851,0.20367644
852,0.8985475
853,0.4558437
854,0.37814844
855,0.26487259
856,0.18577826
857,0.53234993
858,0.18198047
859,0.15482877
860,0.28188144
861,0.25328492
862,0.37902387
863,0.32108096
864,0.38258896
865,0.87763414
866,0.72308996
867,0.33899915
868,0.33784457
869,0.74000758
870,0.28742727
871,0.10986171
872,0.54055043
873,0.95619615
874,0.35650362
875,0.20594882
876,0.28049984
877,0.4419523
878,0.20635266
879,0.43835166
880,0.97208916
881,0.47657468
882,0.65242084
883,0.57141307
884,0.064640759
885,0.67227024
886,0.83825559
887,0.19822179
888,0.19343375
889,0.74486786
890,0.23249444
891,0.29182441
892,0.38778881
893,0.3006506
894,0.45121365
895,0.28319863
896,0.60875871
897,0.21516961
898,0.73882324
899,0.12050817
900,0.14784947
901,0.2553703
902,0.16960881
903,0.61086898
904,0.781374
905,0.33440671
906,0.34667601
907,0.39086656
908,0.25204198
909,0.41692228
910,0.79918504
911,0.28023009
912,0.83925362
913,0.53125396
914,0.63730629
915,0.76241448
916,0.37472247
917,0.4138865
918,0.20847022
919,0.60980182
920,0.28554723
921,0.33515137
922,0.40406885
923,0.30927818
924,0.43964324
925,0.48743065
926,0.33975716
927,0.86467255
928,0.30897108
929,0.38014299
930,0.36037098
931,0.55655575
932,0.53506711
933,0.60743261
934,0.74753366
935,0.31890756
936,0.2730286
937,0.38343217
938,0.43267909
939,0.41254487
940,0.64802712
941,0.92543689
942,0.66235174
943,0.6289731
944,0.37048579
945,0.5760559
946,0.97265108
947,0.016674713
948,0.043390472
949,0.79662469
950,0.31979351
951,0.28750197
952,0.29773831
953,0.30323029
954,0.43764105
955,0.049857501
956,0.47156788
957,0.48799936
958,0.68245766
959,0.37960529
960,0.22802832
961,0.23536677
962,0.99235897
963,0.43655478
964,0.69281841
965,0.23267224
966,0.3321756
967,0.33405183
968,0.35184498
969,0.37258515
970,0.87281299
971,0.43329527
972,0.70890898
973,0.19324948
974,0.76724359
975,0.43059652
976,0.15194708
977,0.075967361
978,0.0014190582
979,0.40637332
980,0.22461916
981,0.26574373
982,0.36191325
983,0.35922934
984,0.31365519
985,0.46651201
986,0.4911458
987,0.27878453
988,0.47388687
989,0.52702495
990,0.24150174
991,0.81062811
992,0.47948455
993,0.62400055
994,0.92948447
995,0.30040476
996,0.37459208
997,0.40104339
998,0.27313205
999,0.36108994
1000,0.81492027
1001,0.9758448
1002,0.076592835
1003,0.95212531
1004,0.091558143
1005,0.43151118
1006,0.58471862
1007,0.19507153
1008,0.75442458
1009,0.89226719
1010,0.25654811
1011,0.34360158
1012,0.36914874
1013,0.30517842
1014,0.4344069
1015,0.65345682
1016,0.25374921
1017,0.76034335
1018,0.14166298
1019,0.98159621
1020,0.91019523
1021,0.83705645
1022,0.073243434
1023,0.85721276
1024,0.83184251
1025,0.2105549
1026,0.33508267
1027,0.36597844
1028,0.280362
1029,0.46442973
1030,0.48223041
1031,0.71447164
1032,0.50743538
1033,0.21328489
1034,0.2602056
1035,0.0097586499
1036,0.5846413
1037,0.47110187
1038,0.15571983
1039,0.22506788
1040,0.23372687
1041,0.33678258
1042,0.32594359
1043,0.37522488
1044,0.31011676
1045,0.74848991
1046,0.82780393
1047,0.51004034
1048,0.4784975
1049,0.053831549
1050,0.95641636
1051,0.089998815
1052,0.70507748
1053,0.99947786
1054,0.54087832
1055,0.25235161
1056,0.32427109
1057,0.28867165
1058,0.26871695
1059,0.38789813
1060,0.095376786
1061,0.40806349
1062,0.66824932
1063,0.49388184
1064,0.61490357
1065,0.33257141
1066,0.50599946
1067,0.19376594
1068,0.2203101
1069,0.26296403
1070,0.25280856
1071,0.31495336
1072,0.36964967
1073,0.21818414
1074,0.45419953
1075,0.23109536
1076,0.77533431
1077,0.53483171
1078,0.052223528
1079,0.46112108
1080,0.0073486611
1081,0.13111471
1082,0.30913643
1083,0.45496615
1084,0.16689072
1085,0.19847406
1086,0.40231045
1087,0.43661039
1088,0.19944021
1089,0.37062251
1090,0.22946877
1091,0.28734961
1092,0.41996037
1093,0.95083756
1094,0.81283253
1095,0.18917967
1096,0.68663781
1097,0.16976707
1098,0.42923854
1099,0.6181005
1100,0.22656023
1101,0.36584169
1102,0.41888366
1103,0.33285088
1104,0.42689118
1105,0.50779896
1106,0.12019951
1107,0.4693935
1108,0.99979256
1109,0.24877066
1110,0.52378004
1111,0.96216103
1112,0.36428687
1113,0.071234572
1114,0.74614794
1115,0.27276742
1116,0.27359875
1117,0.37913738
1118,0.28665392
1119,0.37049673
1120,0.58757126
1121,0.78620063
1122,0.72220964
1123,0.43146205
1124,0.38919282
1125,0.76240805
1126,0.52463735
1127,0.71241481
1128,0.85689633
1129,0.62280279
1130,0.3376426
1131,0.37782311
1132,0.31604272
1133,0.31300037
1134,0.39320539
1135,0.83571335
1136,0.15669385
1137,0.50481062
1138,0.28344419
1139,0.81131742
1140,0.74766284
1141,0.71040869
1142,0.80092088
1143,0.69162515
1144,0.7458749
1145,0.26595094
1146,0.35773576
1147,0.41474432
1148,0.33545595
1149,0.50322663
1150,0.54588621
1151,0.54299169
1152,0.49783831
1153,0.35812453
1154,0.31906782
1155,0.94623015
1156,0.19098644
1157,0.968925
1158,0.73856042
1159,0.92748801
1160,0.28531704
1161,0.35193138
1162,0.41047764
1163,0.34967321
1164,0.30510365
1165,0.25610978
1166,0.20371543
1167,0.74370614
1168,0.90533061
1169,0.46582007
1170,0.44239789
1171,0.74661722
1172,0.74915973
1173,0.5367878
1174,0.23365315
1175,0.29250864
1176,0.33818864
1177,0.45562413
1178,0.25053492
1179,0.38686471
1180,0.72499196
1181,0.94800236
1182,0.068370897
1183,0.60855948
1184,0.56426883
1185,0.31801912
1186,0.64231523
1187,0.80899027
1188,0.24108406
1189,0.5230298
1190,0.33918644
1191,0.37085469
1192,0.40676664
1193,0.26159043
1194,0.36293806
1195,0.64479403
1196,0.55967793
1197,0.0043350726
1198,0.51187443
1199,0.97725565
1200,0.21810873
1201,0.57326038
1202,0.78114527
1203,0.78044595
1204,0.234118
1205,0.28605745
1206,0.41362662
1207,0.31664737
1208,0.28208792
1209,0.45697291
1210,0.86159576
1211,0.66632649
1212,0.93470924
1213,0.42604088
1214,0.24891961
1215,0.25678456
1216,0.061028929
1217,0.88033786
1218,0.41862541
1219,0.12959698
1220,0.21809184
1221,0.39170705
1222,0.39408042
1223,0.33670829
1224,0.49756025
1225,0.97285224
1226,0.54500489
1227,0.40295158
1228,0.35038037
1229,0.022413654
1230,0.003394123
1231,0.056932885
1232,0.13381099
1233,0.46495428
1234,0.83112958
1235,0.19112071
1236,0.35388875
1237,0.34621518
1238,0.31172148
1239,0.45284698
1240,0.85948011
1241,0.89915643
1242,0.076979085
1243,0.10936121
1244,0.46621928
1245,0.54306218
1246,0.45220745
1247,0.53096445
1248,0.20834598
1249,0.95754312
1250,0.33956315
1251,0.2874469
1252,0.38725936
1253,0.32722789
1254,0.36023629
1255,0.85737406
1256,0.64634607
1257,0.30798603
1258,0.63195471
1259,0.39800519
1260,0.048738593
1261,0.72518236
1262,0.67894101
1263,0.39305176
1264,0.60197977
1265,0.23803737
1266,0.33470939
1267,0.36692786
1268,0.33138664
1269,0.37562111
1270,0.88623511
1271,0.029667752
1272,0.34857498
1273,0.66683858
1274,0.80117236
1275,0.074089577
1276,0.83717064
1277,0.20760303
1278,0.87718175
1279,0.7551459
1280,0.19522179
1281,0.2983736
1282,0.37061738
1283,0.26848077
1284,0.3647011
1285,0.29849945
1286,0.85959345
1287,0.89977602
1288,0.77530485
1289,0.78310188
1290,0.77236621
1291,0.78972986
1292,0.19579798
1293,0.43665664
1294,0.74036547
1295,0.21010984
1296,0.23715943
1297,0.33634142
1298,0.32541329
1299,0.39916144
1300,0.71173509
1301,0.44306609
1302,0.81788683
1303,0.21321478
1304,0.25285375
1305,0.06835722
1306,0.19303982
1307,0.71165671
1308,0.092988927
1309,0.14390833
1310,0.28968028
1311,0.32280955
1312,0.32592498
1313,0.25881943
1314,0.44071882
1315,0.46910052
1316,0.2788389
1317,0.40121986
1318,0.72072343
1319,0.81763486
1320,0.64512879
1321,0.61462696
1322,0.99521598
1323,0.7270796
1324,0.32318627
1325,0.20687073
1326,0.28328906
1327,0.32587597
1328,0.34605684
1329,0.4629558
1330,0.88839093
1331,0.69764957
1332,0.4794044
1333,0.99258982
1334,0.71264679
1335,0.22067689
1336,0.45032381
1337,0.67146289
1338,0.81397693
1339,0.15650185
1340,0.20392202
1341,0.43912237
1342,0.31125309
1343,0.29135832
1344,0.33684742
1345,0.34047831
1346,0.8999355
1347,0.47421516
1348,0.90515834
1349,0.2603181
1350,0.22118446
1351,0.97976522
1352,0.45137485
1353,0.54281311
1354,0.8854201
1355,0.26992419
1356,0.3124827
1357,0.32655774
1358,0.28951506
1359,0.37581906
1360,0.083497562
1361,0.63824371
1362,0.86480258
1363,0.98753874
1364,0.62700532
1365,0.50165911
1366,0.10974237
1367,0.43198061
1368,0.12402592
1369,0.54640189
1370,0.26402378
1371,0.28729425
1372,0.37388974
1373,0.3016608
1374,0.44640583
1375,0.031459936
1376,0.91188981
1377,0.53104884
1378,0.98172877
1379,0.74766158
1380,0.40243355
1381,0.49628889
1382,0.49835358
1383,0.59403703
1384,0.30936924
1385,0.15610981
1386,0.3549523
1387,0.40036207
1388,0.19911204
1389,0.4021928
1390,0.98056283
1391,0.26901061
1392,0.33591117
1393,0.82908074
1394,0.74668463
1395,0.34726131
1396,0.91164742
1397,0.36909169
1398,0.68527968
1399,0.41442888
1400,0.29437212
1401,0.28235772
1402,0.32517847
1403,0.32412167
1404,0.42998753
1405,0.60139876
1406,0.10963261
1407,0.24042355
1408,0.81134662
1409,0.098630237
1410,0.69440391
1411,0.94810874
1412,0.32683965
1413,0.34626072
1414,0.24260339
1415,0.29282973
1416,0.38487997
1417,0.31955734
1418,0.31269697
1419,0.47389671
1420,0.48965535
1421,0.13261473
1422,0.58410285
1423,0.43789426
1424,0.49679942
1425,0.27939197
1426,0.82773217
1427,0.17923148
1428,0.62492353
1429,0.28708461
1430,0.21430395
1431,0.28615896
1432,0.31329542
1433,0.21246582
1434,0.35886794
1435,0.29896416
1436,0.83334865
1437,0.65136834
1438,0.1458057
1439,0.89347431
1440,0.76154619
1441,0.26988366
1442,0.54266699
1443,0.47076325
1444,0.34668175
1445,0.218965
1446,0.307372
1447,0.28765893
1448,0.27717924
1449,0.40532546
1450,0.83540455
1451,0.014853856
1452,0.71510703
1453,0.84968202
1454,0.42040043
1455,0.78507008
1456,0.6714368
1457,0.67687109
1458,0.37661108
1459,0.49757701
1460,0.2929781
1461,0.21774012
1462,0.47921999
1463,0.31159709
1464,0.47957409
1465,0.92616908
1466,0.098337302
1467,0.85635077
1468,0.38958701
1469,0.93161614
1470,0.12321952
1471,0.29145713
1472,0.47847447
1473,0.2832679
1474,0.82239401
1475,0.22108017
1476,0.34870601
1477,0.30840546
1478,0.23271809
1479,0.40922685
1480,0.32147307
1481,0.65803031
1482,0.38928168
1483,0.083986296
1484,0.71818091
1485,0.15415945
1486,0.98843927
1487,0.39629025
1488,0.80296532
1489,0.00034146222
1490,0.22639076
1491,0.28211057
1492,0.37790424
1493,0.29088166
1494,0.43177776
1495,0.87986644
1496,0.84630364
1497,0.45652513
1498,0.030914539
1499,0.50995304
1500,0.27743872
1501,0.33786974
1502,0.4073196
1503,0.90149562
1504,0.48791063
1505,0.0014631752
1506,0.19627691
1507,0.97393018
1508,0.33853465
1509,0.11040805
1510,0.87405153
1511,0.79062363
1512,0.87124752
1513,0.85802214
1514,0.96118108
1515,0.37137858
1516,0.24193683
1517,0.50141459
1518,0.40761944
1519,0.12379353
1520,0.85869102
1521,0.90843946
1522,0.9138135
1523,0.16539225
1524,0.080280952
1525,0.93193336
1526,0.64976129
1527,0.91196451
1528,1.0097136
1529,0.91397837
1530,0.56686083
1531,0.11327645
1532,0.49652027
1533,0.63457948
1534,0.6153294
1535,0.71464287
1536,0.63518638
1537,0.36193273
1538,0.80828055
1539,0.39811765
1540,0.95389775
1541,0.71735306
1542,0.9127739
1543,0.82459215
1544,0.93445255
1545,0.35592212
1546,0.79187918
1547,0.78882317
1548,0.28166034
1549,0.47991368
1550,0.29750817
1551,0.57089249
1552,0.21275901
1553,0.84989382
1554,0.9971369
1555,0.8246272
1556,0.75047692
1557,0.79266773
1558,0.84518023
1559,0.88098421
1560,0.29086033
1561,0.53784284
1562,0.66293291
1563,0.38835567
1564,0.10371284
1565,0.46064819
1566,0.79153926
1567,0.8836153
1568,0.22731033
1569,0.92355606
1570,0.89879474
1571,0.75628584
1572,0.83675566
1573,0.75489535
1574,0.96332381
1575,0.40236358
1576,0.57513483
1577,0.14114982
1578,0.36129706
1579,0.58350447
1580,0.26099801
1581,0.92454831
1582,0.022859624
1583,0.62695538
1584,0.087821844
1585,0.99271141
1586,0.85469312
1587,0.98610945
1588,0.73363814
1589,0.99668299
1590,0.35670575
1591,0.48165698
1592,0.39343459
1593,0.084258001
1594,0.48230529
1595,0.86306498
1596,0.17062541
1597,0.22218793
1598,0.30011678
1599,0.83270757
1600,0.90972214
1601,0.69755625
1602,0.94222937
1603,0.92580458
1604,0.99351296
1605,0.45282243
1606,0.50093992
1607,0.95003395
1608,0.2537181
1609,0.9903812
1610,0.9766316
1611,0.38299582
1612,0.35408108
1613,0.6884015
1614,0.77265557
1615,0.91931073
1616,0.75683373
1617,0.93018153
1618,0.81808379
1619,0.92304142
1620,0.51991682
1621,0.51643241
1622,0.19856307
1623,0.70395283
1624,0.78981118
1625,0.50683338
1626,0.15891353
1627,0.026315394
1628,0.21819264
1629,0.17411787
1630,0.84618943
1631,0.74902222
1632,0.93039803
1633,0.91072362
1634,0.88788151
1635,0.88552123
1636,0.84919871
1637,0.8288017
1638,0.68486378
1639,0.25809638
1640,0.89139331
1641,0.86376557
1642,0.27447941
1643,0.0043926126
1644,0.91954221
1645,0.85460058
1646,0.70025584
1647,0.88625955
1648,0.92526587
1649,0.9549097
1650,0.43913408
1651,0.86772679
1652,0.62545015
1653,0.39889556
1654,0.47259751
1655,0.65061854
1656,0.9860981
1657,0.16527744
1658,0.48093341
1659,0.86788314
1660,0.91412574
1661,0.76851625
1662,0.88395708
1663,0.81972587
1664,0.88461566
1665,0.29092574
1666,0.85060766
1667,0.74984802
1668,0.3743456
1669,0.71202525
1670,0.53112653
1671,0.88396153
1672,0.91413517
1673,0.077342785
1674,0.71980155
1675,0.94775721
1676,0.64838959
1677,0.87847254
1678,0.88610932
1679,0.89098344
1680,0.75983182
1681,0.1439508
1682,0.73210385
1683,0.0062257874
1684,0.55683053
1685,0.29917486
1686,0.25291116
1687,0.52861077
1688,0.90605174
1689,0.55706683
1690,0.89818062
1691,0.8108158
1692,0.9004661
1693,0.71640807
1694,0.93020949
1695,0.88423132
1696,0.75098538
1697,0.51208665
1698,0.74162909
1699,0.083269748
1700,0.66532471
1701,0.081252775
1702,0.44940418
1703,0.18059137
1704,0.79798596
1705,0.84238107
1706,0.73251885
1707,0.92056177
1708,0.79149768
1709,0.89542358
1710,0.20359238
1711,0.60431351
1712,0.86393764
1713,0.64975098
1714,0.30505312
1715,0.19786234
1716,0.47222986
1717,0.62316891
1718,0.90306875
1719,0.94433128
1720,0.92846741
1721,0.71619577
1722,0.89169373
1723,0.87962441
1724,0.92326316
1725,0.39587096
1726,0.4521735
1727,0.47303064
1728,0.48090034
1729,0.26844016
1730,0.65047409
1731,0.92711215
1732,0.081623375
1733,0.99704144
1734,0.22765307
1735,0.86343413
1736,0.71054486
1737,0.92210634
1738,0.84019588
1739,0.85246717
1740,0.1836757
1741,0.88592445
1742,0.59533642
1743,0.74925126
1744,0.28393901
1745,0.85831168
1746,0.36440137
1747,0.21447887
1748,0.9549589
1749,0.6442054
1750,0.84396108
1751,0.71553296
1752,0.94548123
1753,0.91157199
1754,0.97240874
1755,0.86165672
1756,0.213837
1757,0.75287412
1758,0.84185173
1759,0.61539285
1760,0.34791569
1761,0.17148108
1762,0.2487989
1763,0.015908339
1764,0.067947302
1765,0.94177633
1766,0.67141661
1767,0.9334875
1768,0.91610831
1769,0.89962203
1770,0.2409048
1771,0.99292844
1772,0.35857996
1773,0.57959346
1774,0.32024356
1775,0.72868344
1776,0.70132806
1777,0.17136438
1778,0.57225475
1779,0.83401166
1780,0.91206945
1781,0.82274438
1782,0.9048949
1783,0.82013609
1784,0.96473809
1785,0.74237233
1786,0.35109843
1787,0.50674715
1788,0.57412562
1789,0.05221138
1790,0.61068795
1791,0.76349568
1792,0.1518687
1793,0.90946481
1794,0.78577629
1795,0.90837753
1796,0.77663247
1797,0.99659707
1798,0.88437536
1799,0.94733759
1800,0.28284009
1801,0.0017993239
1802,0.77430971
1803,0.70867106
1804,0.79023514
1805,0.99334325
1806,0.36111294
1807,0.51367906
1808,0.38394386
1809,0.38256946
1810,0.97301383
1811,0.74589521
1812,0.90703964
1813,0.85746733
1814,0.9981402
1815,0.45635072
1816,0.61272711
1817,0.53395818
1818,0.46839876
1819,0.73573281
1820,0.75083889
1821,0.039749694
1822,0.65877414
1823,0.69143656
1824,0.82890555
1825,0.86857657
1826,0.76678861
1827,0.97662634
1828,0.85372027
1829,0.97203631
1830,0.9154766
1831,0.82464682
1832,0.61368235
1833,0.53049029
1834,0.84775856
1835,0.38510228
1836,0.38322953
1837,0.90918696
1838,0.94123094
1839,0.54025791
1840,1.0030672
1841,0.61681126
1842,0.88540274
1843,0.77639533
1844,1.005314
1845,0.86218743
1846,0.68893336
1847,0.90183137
1848,0.68765255
1849,0.23430283
1850,0.39460722
1851,0.47650775
1852,0.53299953
1853,0.082692932
1854,0.64092912
1855,0.75701166
1856,0.75792889
1857,0.89701193
1858,0.90646169
1859,0.91994629
1860,0.26904681
1861,0.21627621
1862,0.11087022
1863,0.32702429
1864,0.152902
1865,0.82370365
1866,0.16534577
1867,0.17543615
1868,0.1610209
1869,0.50902226
1870,0.86516171
1871,0.74169213
1872,0.9080169
1873,0.89032186
1874,0.87508155
1875,0.4305952
1876,0.24719986
1877,0.16529762
1878,0.23309027
1879,0.060165416
1880,0.75024529
1881,0.3610067
1882,0.40433815
1883,0.75130416
1884,0.3973571
1885,0.81529347
1886,0.68329914
1887,0.94660792
1888,0.86173178
1889,0.88032987
1890,0.89764654
1891,0.72903612
1892,0.20715808
1893,0.83118862
1894,0.10240779
1895,0.19791006
1896,0.9668016
1897,0.98294051
1898,0.65392042
1899,0.74618224
1900,0.83884241
1901,0.7627118
1902,0.91716824
1903,0.91228798
1904,0.88823657
1905,0.64007451
1906,0.027750088
1907,0.76721474
1908,0.35387917
1909,0.68430015
1910,0.50027255
1911,0.9046135
1912,0.98806129
1913,0.80865225
1914,0.49044222
1915,0.89162375
1916,0.71490476
1917,0.81059507
1918,0.88717155
1919,0.99195872
1920,0.64436646
1921,0.47371075
1922,0.96854594
1923,0.7450931
1924,0.3848157
1925,0.76824486
1926,0.7750612
1927,0.54728663
1928,0.29759568
1929,0.15009672
1930,0.96328116
1931,0.65730996
1932,0.88918339
1933,0.86855021
1934,0.89265246
1935,0.26981163
1936,0.80857071
1937,0.82958085
1938,0.98444841
1939,0.85855362
1940,0.36192008
1941,0.60102348
1942,0.39580433
1943,0.14960709
1944,0.97159188
1945,0.91917961
1946,0.76611613
1947,0.87761089
1948,0.84933261
1949,0.89801257
1950,0.25996528
1951,0.16247649
1952,0.23425124
1953,0.8783277
1954,0.49293432
1955,0.88728468
1956,0.45889083
1957,0.32997528
1958,0.56506716
1959,0.13135369
1960,0.88543304
1961,0.64978438
1962,0.90231005
1963,0.87686559
1964,0.87716211
1965,0.48961939
1966,0.59602167
1967,0.76993388
1968,0.31780539
1969,0.21779204
1970,0.28701475
1971,0.67519115
1972,0.70022507
1973,0.16635251
1974,0.93322911
1975,0.86555931
1976,0.73419312
1977,0.90508401
1978,0.8575393
1979,0.88819411
1980,0.75379177
1981,0.946916
1982,0.87145215
1983,0.066676945
1984,0.80937729
1985,0.51786091
1986,0.54631298
1987,0.72026236
1988,0.071284882
1989,0.82462834
1990,0.9334562
1991,0.68599679
1992,0.81520856
1993,0.8253941
1994,1.0009581
1995,0.43693278
1996,0.80191197
1997,0.21907736
1998,0.29779518
1999,0.64565866
2000,0.30120559
2001,0.31462075
2002,0.92653259
2003,0.80532049
2004,0.13866188
2005,0.8899725
2006,0.76887022
2007,0.85795715
2008,0.79010105
2009,0.89002644
2010,0.021239549
2011,0.39043083
2012,0.32248159
2013,0.20825839
2014,0.48100954
2015,0.86110647
2016,0.16983925
2017,0.86751839
2018,0.54260746
2019,0.64199931
2020,0.87237461
2021,0.72598037
2022,0.88278743
2023,0.83858523
2024,0.87124615
2025,0.49445635
2026,0.25034288
2027,0.52329906
2028,0.072830805
2029,0.8808472
2030,0.16924181
2031,0.88788302
2032,0.75177936
2033,0.4303009
2034,0.84535056
2035,0.9444744
2036,0.78557702
2037,0.90235965
2038,0.8446581
2039,1.0379862
2040,0.055313772
2041,0.73763307
2042,0.94402919
2043,0.95589584
2044,0.009977395
2045,0.27896994
2046,0.96091727
2047,0.60154259
2048,0.049468523
2049,0.0082956574
2050,0.92848153
2051,0.71779169
2052,0.87483266
2053,0.92463349
2054,0.9250862
2055,0.067785488
2056,0.48837964
2057,0.4299153
2058,0.75122361
2059,0.13339461
2060,0.25844631
2061,0.25652801
2062,0.19913438
2063,0.77398592
2064,0.87887288
2065,0.98764789
2066,0.72246663
2067,0.92235647
2068,0.81242096
2069,0.89302749
2070,0.57857231
2071,0.83088648
2072,0.72416617
2073,0.50878723
2074,0.35582812
2075,0.74367496
2076,0.37018685
2077,0.60045561
2078,0.66071956
2079,0.58089171
2080,0.9096621
2081,0.71663941
2082,0.8815668
2083,0.87302103
2084,0.91169357
2085,0.28856531
2086,0.2026161
2087,0.32340138
2088,0.92233809
2089,0.9591169
2090,0.60569306
2091,0.61915735
2092,0.7096387
2093,0.65772927
2094,0.11748938
2095,0.89244121
2096,0.77294404
2097,0.8185516
2098,0.90558094
2099,0.99578627
2100,0.98974014
2101,0.98453235
2102,0.70608477
2103,0.54825089
2104,0.86100825
2105,0.72482469
2106,0.3463095
2107,0.084904751
2108,0.2027474
2109,0.36092802
2110,0.90389327
2111,0.76167182
2112,0.87968102
2113,0.82469813
2114,0.94713152
2115,0.93744957
2116,0.054297354
2117,0.3812661
2118,0.48693244
2119,0.5711861
2120,0.70379674
2121,0.048874797
2122,0.38066427
2123,0.057852903
2124,0.92256305
2125,0.91410424
2126,0.76172991
2127,0.85206921
2128,0.86982985
2129,0.98901586
2130,0.82699833
2131,0.17388314
2132,0.28644587
2133,0.29820099
2134,0.42425327
2135,0.40088287
2136,0.69171164
2137,0.29149803
2138,0.72932173
2139,0.44290407
2140,0.94331054
2141,0.70306549
2142,0.89380939
2143,0.78344821
2144,0.80948035
2145,0.56499609
2146,0.95987508
2147,0.98685222
2148,0.23612917
2149,0.41323775
2150,0.58056478
2151,0.61727081
2152,0.10449967
2153,0.18222802
2154,0.039267746
2155,1.0049683
2156,0.70670092
2157,0.96922671
2158,0.83876572
2159,0.92077943
2160,0.1100485
2161,0.8099138
2162,0.37505158
2163,0.53931058
2164,0.2210571
2165,0.41131417
2166,0.91977719
2167,0.063738697
2168,0.95110736
2169,0.21302177
2170,0.92818282
2171,0.73472435
2172,0.86066181
2173,0.85696312
2174,0.95038566
2175,0.86019024
2176,0.66808593
2177,0.4691052
2178,0.86198984
2179,0.24128561
2180,0.58218134
2181,0.41692201
2182,0.070763582
2183,0.65811618
2184,0.16781169
2185,0.8297781
2186,0.74461531
2187,0.96113011
2188,0.83888688
2189,0.96566957
2190,0.39722826
2191,0.17882779
2192,0.30952498
2193,0.083820882
2194,0.62292405
2195,0.1530687
2196,0.64288981
2197,0.92477243
2198,0.63398255
2199,0.5402228
2200,0.92793124
2201,0.76401949
2202,1.0166432
2203,0.88861129
2204,1.0067016
2205,0.006107803
2206,0.27519649
2207,0.2394917
2208,0.31834483
2209,0.61760065
2210,0.88378881
2211,0.12135365
2212,0.58542596
2213,0.58061755
2214,0.21664738
2215,0.87204493
2216,0.69903595
2217,0.86421652
2218,0.80445412
2219,0.89821174
2220,0.54800916
2221,0.87353646
2222,0.29828415
2223,0.38084753
2224,0.6193868
2225,0.60653725
2226,0.87572061
2227,0.60219044
2228,0.021929823
2229,0.85337101
2230,0.89576234
2231,0.73494063
2232,0.949931
2233,0.86175764
2234,0.90644683
2235,0.25141348
2236,0.43143338
2237,0.10704016
2238,0.445789
2239,0.1588243
2240,0.70213823
2241,0.84622836
2242,0.6342782
2243,0.18901056
2244,0.72424703
2245,0.86082968
2246,0.8364384
2247,0.89848926
2248,0.79676742
2249,1.0045769
2250,0.54741978
2251,0.6073075
2252,0.74759471
2253,0.47154546
2254,0.64032735
2255,0.74125794
2256,0.84485567
2257,0.13412293
2258,0.40531542
2259,0.2404784
2260,0.57549486
2261,0.39085475
2262,0.8936327
2263,0.834369
2264,0.86371087
2265,0.41326606
2266,0.65625952
2267,0.61203598
2268,0.53795802
2269,0.65735413
2270,0.98891162
2271,0.330829
2272,0.65381202
2273,0.9828352
2274,0.14218716
2275,0.37818614
2276,0.97295833
2277,0.97178599
2278,0.96605275
2279,0.11920726
2280,0.48782795
2281,0.6111064
2282,0.74180341
2283,0.49415849
2284,0.62960119
2285,0.48485333
2286,0.12085957
2287,0.1841941
2288,0.23737302
2289,0.95693592
2290,0.81311281
2291,0.90636432
2292,0.79468216
2293,0.39002651
2294,0.22868758
2295,0.49081424
2296,0.68803294
2297,0.69542232
2298,0.54236729
2299,0.60208492
2300,0.49517702
2301,0.33293628
2302,0.051331886
2303,0.70671522
2304,0.63566139
2305,0.41342729
2306,0.83672278
2307,0.93350161
2308,0.93111163
2309,0.40138685
2310,0.64147185
2311,0.61529382
2312,0.72069727
2313,0.52980785
2314,0.63777124
2315,0.10579827
2316,0.90085249
2317,0.76395708
2318,0.3691988
2319,0.29414863
2320,0.95738402
2321,0.82964339
2322,0.97480167
2323,0.5988681
2324,0.42645554
2325,0.5137835
2326,0.65800716
2327,0.78760509
2328,0.45920629
2329,0.62547984
2330,0.18971041
2331,0.46706819
2332,0.072885299
2333,0.55778897
2334,0.95089442
2335,0.21773207
2336,0.13860172
2337,0.66846427
2338,0.19078465
2339,0.83336356
2340,0.51236655
2341,0.66630314
2342,0.72445814
2343,0.49250513
2344,0.58357213
2345,0.6966672
2346,0.44602665
2347,0.11035348
2348,0.39679932
2349,0.2241715
2350,0.84321334
2351,0.35314181
2352,0.81095003
2353,0.53188917
2354,0.42939734
2355,0.51864293
2356,0.61071745
2357,0.72654971
2358,0.5403867
2359,0.63387335
2360,0.39470748
2361,0.18907217
2362,0.10166939
2363,0.93375985
2364,0.66598722
2365,0.066946258
2366,0.61833738
2367,0.54366323
2368,0.81468169
2369,0.43517555
2370,0.55803051
2371,0.75129998
2372,0.71409679
2373,0.45995922
2374,0.62395947
2375,0.94930391
2376,0.082071207
2377,0.010336618
2378,0.0078202936
2379,0.92367561
2380,0.67664468
2381,0.69474323
2382,0.55984071
2383,0.30172678
2384,0.58560913
2385,0.49984726
2386,0.57139224
2387,0.70380925
2388,0.55338867
2389,0.53993005
2390,0.44837291
2391,0.58598704
2392,0.35963491
2393,0.36765292
2394,0.33531133
2395,0.37356381
2396,0.18222751
2397,0.12202052
2398,0.20567234
2399,0.45421237
2400,0.44229415
2401,0.62326145
2402,0.73961735
2403,0.46379269
2404,0.56489342
2405,0.82172118
2406,0.12393228
2407,0.63107
2408,0.67329491
2409,0.80920385
2410,0.13786899
2411,0.83522051
2412,0.50388777
2413,0.51536722
2414,0.14315602
2415,0.4927517
2416,0.63120249
2417,0.66928938
2418,0.47777068
2419,0.65492757
2420,0.76350464
2421,0.66641622
2422,0.52188567
2423,0.086666547
2424,0.45259254
2425,0.64011655
2426,0.4897638
2427,0.25784617
2428,0.76258554
2429,0.77555464
2430,0.53062635
2431,0.56899358
2432,0.69849827
2433,0.57694792
2434,0.56000669
2435,0.79040722
2436,0.94793312
2437,0.74631343
2438,0.092352339
2439,0.020535775
2440,0.94557919
2441,0.4923451
2442,0.021555887
2443,0.32421992
2444,0.50784883
2445,0.44732496
2446,0.58509182
2447,0.74931938
2448,0.41273133
2449,0.64462556
2450,0.42992141
2451,0.49035729
2452,0.089891651
2453,0.42956446
2454,0.74861887
2455,0.21780159
2456,0.3224604
2457,0.64680967
2458,0.65753054
2459,0.55937057
2460,0.55766328
2461,0.52486821
2462,0.73291739
2463,0.53623671
2464,0.59274708
2465,0.33085788
2466,0.69516304
2467,0.29824397
2468,0.76895826
2469,0.95345707
2470,0.53413757
2471,0.64647743
2472,0.47062472
2473,0.54655379
2474,0.097697918
2475,0.46965547
2476,0.62756452
2477,0.7280581
2478,0.45756272
2479,0.70049207
2480,0.92960887
2481,0.34787919
2482,0.72272454
2483,0.25779225
2484,0.99700327
2485,0.0098022523
2486,0.87704872
2487,0.93372566
2488,0.81942224
2489,0.086815101
2490,0.53873715
2491,0.67304769
2492,0.69239977
2493,0.39681723
2494,0.62177445
2495,0.36581618
2496,0.24673453
2497,0.056704689
2498,0.20602786
2499,0.29922502
2500,0.08750035
2501,0.099095282
2502,0.26843882
2503,0.89965099
2504,0.3863899
2505,0.52013122
2506,0.66196816
2507,0.68092571
2508,0.50803167
2509,0.59950185
2510,0.99370462
2511,0.22784294
2512,0.41452254
2513,0.08623453
2514,0.35077674
2515,0.57102587
2516,0.23644493
2517,0.019257477
2518,0.91371168
2519,0.56205605
2520,0.50686795
2521,0.62399861
2522,0.72645931
2523,0.51916066
2524,0.51290205
2525,0.1970538
2526,0.44518317
2527,0.76142589
2528,0.037234634
2529,0.036563018
2530,0.62593763
2531,0.74982221
2532,0.74901847
2533,0.39813088
2534,0.51699676
2535,0.45981736
2536,0.65100301
2537,0.69129154
2538,0.54704764
2539,0.61086044
2540,0.27027042
2541,0.53580106
2542,0.50542814
2543,0.27293879
2544,0.6797339
2545,0.8990049
2546,0.39828223
2547,0.26909154
2548,0.39582223
2549,0.10801669
2550,0.55886781
2551,0.59554855
2552,0.74487819
2553,0.45776369
2554,0.66274751
2555,0.7550771
2556,0.64031183
2557,0.82580886
2558,0.69643299
2559,0.41509339
2560,0.35445573
2561,0.36063657
2562,0.78029582
2563,0.060466772
2564,0.5051331
2565,0.44854679
2566,0.61031232
2567,0.77800304
2568,0.47961427
2569,0.58196452
2570,0.37739554
2571,0.41702895
2572,0.33809772
2573,0.12533218
2574,0.18073776
2575,0.41062909
2576,0.75650954
2577,0.66851221
2578,0.084247052
2579,0.27142162
2580,0.49887528
2581,0.70134883
2582,0.6036858
2583,0.4180568
2584,0.57714701
2585,0.58279097
2586,0.054239484
2587,0.11749285
2588,0.07399477
2589,0.65245107
2590,0.922332
2591,0.44944356
2592,0.48454827
2593,0.2020751
2594,0.25728278
2595,0.49092765
2596,0.61190023
2597,0.77468641
2598,0.49024724
2599,0.64127701
2600,0.35922821
2601,0.20549417
2602,0.3073669
2603,0.65549804
2604,0.17500974
2605,0.80209144
2606,0.91749383
2607,0.80037209
2608,0.43782018
2609,0.15250064
2610,0.50149744
2611,0.57603968
2612,0.6497472
2613,0.58181501
2614,0.68981334
2615,0.70404743
2616,0.63519792
2617,0.33209283
2618,0.26617884
2619,0.51655821
2620,0.018177534
2621,0.93602733
2622,0.71567807
2623,0.24622811
2624,0.61739017
2625,0.57491901
2626,0.62667399
2627,0.71197122
2628,0.47496675
2629,0.54764784
2630,0.26214532
2631,0.61471342
2632,0.053754392
2633,0.60353344
2634,0.10592042
2635,0.22771283
2636,0.81160258
2637,0.7201658
2638,0.71379558
2639,0.57161573
2640,0.54743052
2641,0.64167554
2642,0.69545461
2643,0.49828797
2644,0.62001026
2645,0.88428102
2646,0.063404501
2647,0.55666983
2648,0.14202725
2649,0.22866948
2650,0.60263822
2651,0.23038307
2652,0.54915809
2653,0.55354157
2654,0.65591382
2655,0.53783122
2656,0.67695453
2657,0.73998816
2658,0.59689327
2659,0.60410207
2660,0.13629255
2661,0.30130606
2662,0.79896028
2663,0.077346808
2664,0.85226389
2665,0.88654386
2666,0.73105083
2667,0.59318458
2668,0.81864074
2669,0.44384584
2670,0.53657486
2671,0.7704004
2672,0.67478933
2673,0.45225282
2674,0.58934951
2675,0.19202835
2676,0.89075212
2677,0.67539118
2678,0.22895325
2679,0.42433478
2680,0.66061682
2681,0.55729516
2682,0.88415306
2683,0.12281499
2684,0.7842326
2685,0.57963152
2686,0.61833913
2687,0.71617727
2688,0.4727735
2689,0.5580634
2690,0.391183
2691,0.87392741
2692,0.77724054
2693,0.60985717
2694,0.52504516
2695,0.041819864
2696,0.97912913
2697,0.13872464
2698,0.72234851
2699,0.766682
2700,0.49172078
2701,0.61376145
2702,0.83947228
2703,0.50867985
2704,0.56434905
2705,0.8085141
2706,0.56497957
2707,0.10915421
2708,0.77272213
2709,0.39888075
2710,0.93966101
2711,0.61947156
2712,0.78811343
2713,0.13433834
2714,0.98696827
2715,0.46363586
2716,0.52240919
2717,0.7501711
2718,0.56026809
2719,0.57784393
2720,0.67143114
2721,0.48429651
2722,0.29993699
2723,0.091498731
2724,0.45788633
2725,0.61727923
2726,0.10153389
2727,0.68622346
2728,0.69480519
2729,0.015644693
2730,0.57385962
2731,0.56460773
2732,0.71554876
2733,0.54428636
2734,0.55917033
2735,0.97274085
2736,0.72975186
2737,0.90515356
2738,0.55177853
2739,0.74254537
2740,0.34743765
2741,0.044165572
2742,0.12165845
2743,0.6642799
2744,0.94521349
2745,0.44560236
2746,0.61523894
2747,0.7267769
2748,0.47508529
2749,0.5831567
2750,0.14760822
2751,0.025228181
2752,0.79835086
2753,0.16620356
2754,0.06001882
2755,0.30891459
2756,0.3661568
2757,0.65385059
2758,0.89786568
2759,0.39017594
2760,0.55473465
2761,0.61137653
2762,0.70576861
2763,0.52299655
2764,0.61946588
2765,0.53034422
2766,0.58009037
2767,0.73626746
2768,0.10060632
2769,0.31752058
2770,0.80055866
2771,0.21014564
2772,0.3423735
2773,0.89619886
2774,0.45938005
2775,0.47221991
2776,0.55839978
2777,0.744353
2778,0.42953025
2779,0.59534647
2780,0.86198048
2781,0.93120138
2782,0.78137705
2783,0.12649987
2784,0.4400356
2785,0.68017837
2786,0.35686899
2787,0.59752658
2788,0.97422163
2789,0.59048318
2790,0.5391127
2791,0.60984462
2792,0.7790249
2793,0.4744995
2794,0.6440551
2795,0.85071267
2796,0.55903254
2797,0.68371557
2798,0.98793473
2799,0.63118873
2800,0.78287207
2801,0.50378079
2802,0.40672692
2803,0.50384008
2804,0.14025536
2805,0.50729656
2806,0.64037676
2807,0.64448997
2808,0.51843116
2809,0.57781844
2810,0.67126437
2811,0.14204112
2812,0.66791612
2813,0.65557317
2814,0.93261357
2815,0.76683139
2816,0.32775496
2817,0.93940971
2818,0.53990509
2819,0.082962649
2820,0.52988336
2821,0.66701878
2822,0.73716136
2823,0.50699669
2824,0.62748243
2825,0.47946322
2826,0.00052237536
2827,0.89848614
2828,0.74913146
2829,0.40218399
2830,0.025134986
2831,0.70433962
2832,0.18920684
2833,0.9879747
2834,0.62005505
2835,0.44992091
2836,0.61617329
2837,0.7313095
2838,0.48879295
2839,0.66110667
2840,0.76885425
2841,0.57370976
2842,0.72970945
2843,0.10881794
2844,0.79465789
2845,0.24416529
2846,0.95417446
2847,0.80082029
2848,0.63114121
2849,0.17104802
2850,0.58451176
2851,0.57209099
2852,0.71651868
2853,0.48840683
2854,0.61081084
2855,0.093820027
2856,0.58144649
2857,0.10401157
2858,0.15184553
2859,0.024434016
2860,0.021649815
2861,0.17898248
2862,0.39901997
2863,0.71666974
2864,0.38993066
2865,0.54610867
2866,0.59777355
2867,0.7433531
2868,0.53684889
2869,0.56298678
2870,0.64731148
2871,0.98995021
2872,0.5399821
2873,0.23482691
2874,0.3813452
2875,0.72577527
2876,0.26905473
2877,0.67511242
2878,0.45474183
2879,0.34689519
2880,0.54475441
2881,0.56911807
2882,0.69348194
2883,0.55003522
2884,0.63038391
2885,0.6786523
2886,0.29553383
2887,0.73434108
2888,0.91380041
2889,0.50563662
2890,0.45469486
2891,0.13776289
2892,0.87255256
2893,0.88623504
2894,0.3001844
2895,0.49319733
2896,0.66810108
2897,0.72525405
2898,0.5547988
2899,0.58380408
2900,0.82558382
2901,0.51337742
2902,0.74125405
2903,0.25104185
2904,0.41904829
2905,0.082592727
2906,0.34878481
2907,0.52120295
2908,0.88773922
2909,0.36718991
2910,0.50462787
2911,0.58260369
2912,0.64479178
2913,0.4967555
2914,0.70444313
2915,0.21601892
2916,0.20597552
2917,0.29397305
2918,0.13015145
2919,0.25538674
2920,0.98434942
2921,0.41390075
2922,0.13350386
2923,0.16389832
2924,0.10075051
2925,0.43761559
2926,0.59498367
2927,0.75376232
2928,0.46844204
2929,0.61948293
2930,0.72104662
2931,0.47952339
2932,0.99949162
2933,0.97059853
2934,0.75811243
2935,0.84156009
2936,0.4774922
2937,0.62027843
2938,0.78442309
2939,0.55669463
2940,0.50265753
2941,0.67593426
2942,0.70935956
2943,0.59592965
2944,0.61125569
2945,0.88777095
2946,0.85299816
2947,0.080862423
2948,0.45173923
2949,0.12018702
2950,0.18214108
2951,0.55226162
2952,0.30774558
2953,0.9509152
2954,0.0045796239
2955,0.51893826
2956,0.64017604
2957,0.73475875
2958,0.54588663
2959,0.59165025
2960,0.54388593
2961,0.52768007
2962,0.70691742
2963,0.73495754
2964,0.16113397
2965,0.37036269
2966,0.67303117
2967,0.36102205
2968,0.2466872
2969,0.51699042
2970,0.52744469
2971,0.60156922
2972,0.65269201
2973,0.51809093
2974,0.64456676
2975,0.5254044
2976,0.92831306
2977,0.74554607
2978,0.78193197
2979,0.29018527
2980,0.91056999
2981,0.33895568
2982,0.047401462
2983,0.28338438
2984,0.59090473
2985,0.49788788
2986,0.62614449
2987,0.67466493
2988,0.43309311
2989,0.65461615
2990,0.68779609
2991,0.12308375
2992,0.093370517
2993,0.43264233
2994,0.82357447
2995,0.08707722
2996,0.92735622
2997,0.92274457
2998,0.43850882
2999,0.056343019
3000,0.70595075
3001,0.091513167
3002,0.75876627
3003,0.0086476879
3004,0.09462887
3005,0.38672369
3006,0.38642974
3007,0.39219596
3008,0.39552577
3009,0.41314212
3010,0.067383314
3011,0.39926331
3012,0.59765452
3013,0.5135631
3014,0.88442266
3015,0.43632708
3016,0.3416441
3017,0.87147652
3018,0.46348925
3019,0.60595905
3020,0.25898957
3021,0.3096453
3022,0.41665561
3023,0.31338047
3024,0.33921344
3025,0.43741848
3026,0.58243143
3027,0.52697975
3028,0.013655567
3029,0.60034479
3030,0.90105791
3031,0.11611851
3032,0.053862926
3033,0.73495593
3034,0.85492594
3035,0.29133154
3036,0.36266412
3037,0.31064269
3038,0.30622203
3039,0.35806338
3040,0.47361794
3041,0.95711218
3042,0.60295018
3043,0.87351218
3044,0.17883995
3045,0.31641951
3046,0.85875903
3047,0.051448293
3048,0.88407681
3049,0.33813232
3050,0.23420434
3051,0.34513018
3052,0.27363059
3053,0.27587303
3054,0.42872545
3055,0.75192951
3056,0.96877766
3057,0.14133603
3058,0.9044057
3059,0.51734413
3060,0.24314518
3061,0.40384337
3062,0.23179161
3063,0.3279416
3064,0.40951493
3065,0.37846159
3066,0.34214221
3067,0.3026292
3068,0.30021575
3069,0.26193001
3070,0.14049944
3071,0.55544354
3072,0.74052659
3073,0.97585397
3074,0.90843837
3075,0.59159441
3076,0.84637289
3077,0.91018783
3078,0.48889979
3079,0.55699826
3080,0.25297902
3081,0.34387818
3082,0.45715318
3083,0.3658619
3084,0.37206916
3085,0.62288034
3086,0.95938058
3087,0.22663972
3088,0.14276323
3089,0.80609598
3090,0.40385671
3091,0.91106705
3092,0.85485168
3093,0.43329898
3094,0.051436054
3095,0.30759274
3096,0.4101607
3097,0.32703024
3098,0.38898764
3099,0.32666869
3100,0.095446524
3101,0.21327039
3102,0.56911103
3103,0.48848568
3104,0.67810608
3105,0.70640723
3106,0.39268458
3107,0.39341151
3108,0.8444874
3109,0.067222658
3110,0.24979819
3111,0.42044854
3112,0.39015621
3113,0.21105873
3114,0.46718401
3115,0.34106497
3116,0.44680086
3117,0.87494272
3118,0.089611935
3119,0.16293957
3120,0.24357337
3121,0.024855234
3122,0.82657398
3123,0.6153251
3124,0.95079032
3125,0.19907893
3126,0.3673006
3127,0.3363685
3128,0.2915952
3129,0.37552557
3130,0.54135393
3131,0.81598725
3132,0.12100009
3133,0.82596548
3134,0.56591059
3135,0.0011983968
3136,0.82998243
3137,0.11562588
3138,0.40745951
3139,0.54329943
3140,0.20920584
3141,0.34818199
3142,0.26801503
3143,0.33451515
3144,0.4468415
3145,0.13975876
3146,0.56743006
3147,0.46751702
3148,0.37972394
3149,0.9975519
3150,0.39388343
3151,0.97149964
3152,0.31810473
3153,0.78485243
3154,0.74240507
3155,0.23837788
3156,0.36658677
3157,0.41027572
3158,0.33704899
3159,0.34937005
3160,0.33808479
3161,0.027629008
3162,0.21786512
3163,0.1793691
3164,0.68568714
3165,0.85306363
3166,0.27887561
3167,0.43236779
3168,0.22620864
3169,0.6805662
3170,0.29803915
3171,0.27704866
3172,0.3581055
3173,0.27440912
3174,0.41006137
3175,0.52743396
3176,0.60772697
3177,0.28948487
3178,0.68330792
3179,0.090961688
3180,0.18771295
3181,0.2552622
3182,0.5178456
3183,0.7156354
3184,0.23478264
3185,0.26158414
3186,0.29777127
3187,0.40664752
3188,0.35319913
3189,0.47109173
3190,0.60882145
3191,0.41693475
3192,0.353639
3193,0.00099941812
3194,0.7906449
3195,0.85637691
3196,0.061401442
3197,0.72886387
3198,0.091100175
3199,0.29336793
3200,0.30628205
3201,0.29848871
3202,0.31123287
3203,0.25820725
3204,0.44908349
3205,0.39390014
3206,0.61642133
3207,0.065239805
3208,0.52974569
3209,0.62027812
3210,0.55273213
3211,0.22988608
3212,0.40350139
3213,0.17897515
3214,0.85716871
3215,0.24067474
3216,0.31115631
3217,0.39819623
3218,0.35147825
3219,0.42011108
3220,0.24694137
3221,0.47232107
3222,0.041921005
3223,0.017920369
3224,0.67856864
3225,0.90909819
3226,0.97107523
3227,0.59099146
3228,0.9636122
3229,0.81029479
3230,0.23169943
3231,0.27652961
3232,0.39794765
3233,0.25663144
3234,0.38425464
3235,0.014093075
3236,0.67921966
3237,0.36616244
3238,0.58782063
3239,0.87746954
3240,0.1981697
3241,0.08866584
3242,0.27878402
3243,0.8999828
3244,0.36728592
3245,0.2715319
3246,0.37750254
3247,0.382116
3248,0.36087011
3249,0.44391241
3250,0.049564766
3251,0.98524631
3252,0.97014463
3253,0.80062298
3254,0.073841877
3255,0.5485663
3256,0.69963377
3257,0.96240394
3258,0.88424278
3259,0.75687547
3260,0.1707249
3261,0.40618407
3262,0.39534875
3263,0.25508128
3264,0.45785298
3265,0.035590563
3266,0.38293799
3267,0.87503273
3268,0.15986884
3269,0.052485543
3270,0.033179406
3271,0.95734528
3272,0.94632499
3273,0.34756715
3274,0.38456689
3275,0.23150362
3276,0.35060508
3277,0.34417054
3278,0.26569181
3279,0.33100788
3280,0.58836645
3281,0.26871235
3282,0.068339468
3283,0.40627994
3284,0.53168959
3285,0.14248405
3286,0.71943275
3287,0.14765578
3288,0.33432942
3289,0.93218336
3290,0.21175935
3291,0.34514153
3292,0.45811058
3293,0.34146487
3294,0.39783662
3295,0.85665648
3296,0.17779409
3297,0.41376994
3298,0.86425469
3299,0.31930159
3300,0.17930184
3301,0.1726045
3302,0.18384294
3303,0.91733604
3304,0.7552204
3305,0.29481656
3306,0.40628919
3307,0.33898358
3308,0.25796705
3309,0.42094591
3310,0.42896035
3311,0.4753543
3312,0.44301659
3313,0.12757906
3314,0.72674147
3315,0.96155857
3316,0.39710884
3317,0.58701917
3318,0.030385272
3319,0.38619114
3320,0.24732752
3321,0.43148704
3322,0.32264784
3323,0.22879421
3324,0.43179612
3325,0.49810449
3326,0.27826702
3327,0.37936983
3328,0.49653732
3329,0.11885328
3330,0.69961699
3331,0.78902892
3332,0.30434895
3333,0.54813278
3334,0.83233366
3335,0.23137642
3336,0.3768332
3337,0.27538222
3338,0.2726061
3339,0.46760829
3340,0.24178679
3341,0.82449942
3342,0.068134457
3343,0.68035167
3344,0.99051122
3345,0.33653293
3346,0.090346738
3347,0.49794882
3348,0.16157257
3349,0.98045485
3350,0.20366134
3351,0.30453471
3352,0.30567663
3353,0.30405648
3354,0.33217267
3355,0.010177456
3356,0.68089956
3357,0.89893974
3358,0.16919833
3359,0.51577286
3360,0.68003864
3361,0.43504072
3362,0.26383404
3363,0.12726603
3364,0.18809207
3365,0.2135261
3366,0.36574716
3367,0.49069501
3368,0.30042045
3369,0.42087879
3370,0.085552232
3371,0.17090324
3372,0.23987747
3373,0.98199328
3374,0.24409592
3375,0.17581173
3376,0.72568792
3377,0.9624314
3378,0.023632467
3379,0.095949417
3380,0.23291109
3381,0.42256212
3382,0.34012663
3383,0.305618
3384,0.43855955
3385,0.66768176
3386,0.52394765
3387,0.87776393
3388,0.81359119
3389,0.14452691
3390,0.62525518
3391,0.31783305
3392,0.58019183
3393,0.36900308
3394,0.55257218
3395,0.30996548
3396,0.40067419
3397,0.40942961
3398,0.28171065
3399,0.36036887
3400,0.65045932
3401,0.95960928
3402,0.71424241
3403,0.37882313
3404,0.22653446
3405,0.17489207
3406,0.72691455
3407,0.90810242
3408,0.90199081
3409,0.89542352
3410,0.26550696
3411,0.43415798
3412,0.28560166
3413,0.28701091
3414,0.50789053
3415,0.69569093
3416,0.83135976
3417,0.12543996
3418,0.54468244
3419,0.88522004
3420,0.2748114
3421,0.57605346
3422,0.93497909
3423,0.63333358
3424,0.98827714
3425,0.12090474
3426,0.26496768
3427,0.37332204
3428,0.36515467
3429,0.41597312
3430,0.0089150563
3431,0.33337269
3432,0.14233972
3433,0.11967536
3434,0.94600895
3435,0.64553451
3436,0.31185995
3437,0.14250932
3438,0.97898547
3439,0.12553623
3440,0.26618188
3441,0.36159413
3442,0.33694398
3443,0.34403765
3444,0.44922921
3445,0.94316984
3446,0.059691032
3447,0.93597555
3448,0.98692677
3449,0.98605107
3450,0.50439786
3451,0.85035734
3452,0.25683535
3453,0.1337805
3454,0.025150501
3455,0.27618237
3456,0.36872853
3457,0.33814448
3458,0.22277106
3459,0.3762743
3460,0.8064668
3461,0.8896353
3462,0.11714517
3463,0.25030589
3464,0.41318336
3465,0.32192718
3466,0.85857053
3467,0.99424301
3468,0.57773888
3469,0.52855909
3470,0.25241712
3471,0.33625395
3472,0.26150298
3473,0.20627364
3474,0.4293602
3475,0.95797519
3476,0.3801492
3477,0.12017812
3478,0.41816247
3479,0.20449258
3480,0.81871444
3481,0.51140894
3482,0.7566307
3483,0.12703694
3484,0.21928359
3485,0.25721589
3486,0.36249948
3487,0.3514715
3488,0.31693217
3489,0.42594564
3490,0.59342057
3491,0.82630672
3492,0.57135721
3493,0.24287617
3494,0.077487482
3495,0.93937977
3496,0.057654361
3497,0.80506323
3498,0.95410279
3499,0.0348657
3500,0.13303806
3501,0.34614771
3502,0.33904121
3503,0.36882045
3504,0.36432688
3505,0.94970635
3506,0.34287051
3507,0.26530173
3508,0.070221472
3509,0.51754115
3510,0.59888561
3511,0.58158208
3512,0.032939893
3513,0.3774551
3514,0.58274681
3515,0.22413506
3516,0.26369987
3517,0.38020684
3518,0.25365593
3519,0.39548984
3520,0.45038815
3521,0.75783871
3522,0.87047537
3523,0.51100815
3524,0.92580981
3525,0.90435548
3526,0.23693038
3527,0.039184487
3528,0.76210971
3529,0.45642536
3530,0.22006484
3531,0.33051599
3532,0.24155982
3533,0.2752946
3534,0.36805861
3535,0.60741579
3536,0.059641624
3537,0.084970746
3538,0.21965593
3539,0.18738289
3540,0.0013005687
3541,0.5824703
3542,0.57099108
3543,0.89844414
3544,0.45730872
3545,0.22499303
3546,0.41131575
3547,0.40126262
3548,0.27112946
3549,0.43902925
3550,0.1381204
3551,0.52410601
3552,0.83502747
3553,0.876351
3554,0.56926817
3555,0.4390372
3556,0.75222797
3557,0.90120809
3558,0.44094328
3559,0.89283332
3560,0.18908992
3561,0.40694511
3562,0.3318772
3563,0.25892304
3564,0.4206663
3565,0.084370471
3566,0.37957349
3567,0.67116397
3568,0.24326952
3569,0.69656869
3570,0.93566138
3571,0.32094103
3572,0.55855903
3573,0.98097816
3574,0.20773062
3575,0.21476978
3576,0.24952724
3577,0.4061641
3578,0.31258549
3579,0.37510706
3580,0.3525601
3581,0.46201816
3582,0.69924608
3583,0.86272213
3584,0.3160712
3585,0.268076
3586,0.65004075
3587,0.47607972
3588,0.5966471
3589,0.83508824
3590,0.29441593
3591,0.26357611
3592,0.34055058
3593,0.32246536
3594,0.38792337
3595,0.38431362
3596,0.70610759
3597,0.50274626
3598,0.036877522
3599,0.91080223
3600,0.95467827
3601,0.27321671
3602,0.97483615
3603,0.64274174
3604,0.40179092
3605,0.18324108
3606,0.33058823
3607,0.35776435
3608,0.31530452
3609,0.39845759
3610,0.86082735
3611,0.024027325
3612,0.069367603
3613,0.54647965
3614,0.053597815
3615,0.72826185
3616,0.060606367
3617,0.99548106
3618,0.23224015
3619,0.32580626
3620,0.21900862
3621,0.33230033
3622,0.39976622
3623,0.28138424
3624,0.37051596
3625,0.58518164
3626,0.9912032
3627,0.62869334
3628,0.83427016
3629,0.85061407
3630,0.89092882
3631,0.56935818
3632,0.42422671
3633,0.049631902
3634,0.82797755
3635,0.26167448
3636,0.34882669
3637,0.38590896
3638,0.37973806
3639,0.39503376
3640,0.13968928
3641,0.19320231
3642,0.89970978
3643,0.7266371
3644,0.68528857
3645,0.53242648
3646,0.62026004
3647,0.76367332
3648,0.46123176
3649,0.53860144
3650,0.27468688
3651,0.39061661
3652,0.48851888
3653,0.32291873
3654,0.41266859
3655,0.43343484
3656,0.98668004
3657,0.4098165
3658,0.62990794
3659,0.35503332
3660,0.18878997
3661,0.5293599
3662,0.96387013
3663,0.11080932
3664,0.74850896
3665,0.19563851
3666,0.38952533
3667,0.4197036
3668,0.2986217
3669,0.35543406
3670,0.43336907
3671,0.73902186
3672,0.87541361
3673,0.0022381986
3674,0.62239143
3675,0.092147685
3676,0.63927615
3677,0.66176491
3678,0.90945456
3679,0.73140747
3680,0.24507856
3681,0.39137933
3682,0.40964848
3683,0.31431957
3684,0.38079478
3685,0.78962047
3686,0.43777311
3687,0.68490849
3688,0.084423104
3689,0.73455913
3690,0.37086472
3691,0.44801971
3692,0.80226157
3693,0.04921318
3694,0.82407821
3695,0.22724194
3696,0.30839589
3697,0.32533853
3698,0.29973703
3699,0.40310094
3700,0.93800201
3701,0.17523944
3702,0.74322057
3703,0.83275425
3704,0.049861885
3705,0.53228307
3706,0.28510809
3707,0.40396937
3708,0.81900058
3709,0.35001392
3710,0.35666437
3711,0.24832342
3712,0.31340475
3713,0.28590121
3714,0.31606579
3715,0.56784115
3716,0.83700627
3717,0.49564422
3718,0.5874034
3719,0.1408738
3720,0.37601112
3721,0.5949743
3722,0.7896437
3723,0.31110964
3724,0.03638203
3725,0.21929104
3726,0.30562434
3727,0.39660526
3728,0.3961719
3729,0.38547901
3730,0.44700731
3731,0.2164714
3732,0.45775389
3733,0.56426092
3734,0.66396825
3735,0.48267138
3736,0.28482373
3737,0.38264623
3738,0.54010583
3739,0.40773081
3740,0.25657327
3741,0.36565311
3742,0.42505021
3743,0.25680821
3744,0.49047627
3745,0.27982892
3746,0.34300581
3747,0.058109458
3748,0.92271343
3749,0.91318235
3750,0.95424432
3751,0.78109227
3752,0.7027648
3753,0.33860368
3754,0.39906666
3755,0.50455019
3756,0.50432425
3757,0.51665717
3758,0.50115009
3759,0.026146448
3760,0.92200497
3761,0.76904183
3762,0.90056165
3763,0.81362141
3764,0.87910875
3765,0.6521996
3766,0.33199749
3767,0.15820978
3768,0.95252815
3769,0.033691793
3770,0.49285518
3771,0.29801706
3772,0.26624188
3773,0.63957022
3774,0.74406657
3775,0.81771653
3776,0.71464977
3777,0.8951906
3778,0.81914174
3779,0.88231391
3780,0.078228709
3781,0.56033331
3782,0.27699524
3783,0.36869972
3784,0.28445899
3785,0.92048498
3786,0.035016022
3787,0.64055884
3788,0.18160347
3789,0.36046762
3790,0.92271616
3791,0.78978584
3792,0.94138555
3793,0.86087932
3794,0.94057863
3795,0.053824302
3796,0.0075074041
3797,0.67245096
3798,0.9323032
3799,0.23638696
3800,0.95075798
3801,0.81092079
3802,0.31879096
3803,0.87321934
3804,0.24459628
3805,0.89658812
3806,0.64627739
3807,0.89994793
3808,0.8871335
3809,0.99453577
3810,0.59419418
3811,0.97633451
3812,0.37521005
3813,0.80406926
3814,0.15253808
3815,0.81061496
3816,0.82619903
3817,0.85829739
3818,0.43237683
3819,0.16883176
3820,0.99198671
3821,0.72137193
3822,0.87609786
3823,0.88256271
3824,0.82122485
3825,0.70057951
3826,0.1535188
3827,0.72132693
3828,0.70590001
3829,0.66015463
3830,0.96425662
3831,0.48267301
3832,0.24364019
3833,0.57330655
3834,0.65558237
3835,0.86189791
3836,0.7248712
3837,0.90736658
3838,0.75677131
3839,0.85449277
3840,0.13194748
3841,0.51009971
3842,0.50760221
3843,0.54151803
3844,0.60880836
3845,0.24566664
3846,0.63657657
3847,0.67877834
3848,0.48912552
3849,0.76733587
3850,0.9119898
3851,0.82786727
3852,0.94528389
3853,0.80766315
3854,1.0066368
3855,0.038001535
3856,0.79564163
3857,0.014763663
3858,0.20643102
3859,0.93511412
3860,0.14276583
3861,0.37668919
3862,0.84217757
3863,0.76833515
3864,0.65468831
3865,0.82797095
3866,0.71573753
3867,0.93496499
3868,0.91241142
3869,0.90394677
3870,0.02725022
3871,0.11830791
3872,0.34664869
3873,0.26812443
3874,0.70858815
3875,0.21517653
3876,0.20715665
3877,0.49389304
3878,0.72918022
3879,0.74150246
3880,0.91905022
3881,0.70347495
3882,0.84700039
3883,0.85603822
3884,0.93209062
3885,0.65561109
3886,0.96770288
3887,0.81711885
3888,0.82075025
3889,0.45442456
3890,0.85937785
3891,0.25132928
3892,0.5705997
3893,0.48037223
3894,0.16948443
3895,0.86677134
3896,0.72132413
3897,0.7564595
3898,0.87570503
3899,0.89385096
3900,0.24251631
3901,0.87091252
3902,0.81623529
3903,0.81768774
3904,0.37751152
3905,0.28764751
3906,0.83917948
3907,0.42447593
3908,0.70948498
3909,0.012755563
3910,0.87386715
3911,0.73127284
3912,0.92281011
3913,0.87633649
3914,0.97624673
3915,0.748747
3916,0.013794557
3917,0.068027694
3918,0.10512413
3919,0.91960325
3920,0.20603738
3921,0.35462285
3922,0.75415259
3923,0.97111066
3924,0.46935931
3925,0.83252027
3926,0.80991841
3927,0.94226161
3928,0.79735148
3929,0.88873344
3930,0.61009225
3931,0.59819453
3932,0.57461656
3933,0.99537381
3934,0.50577556
3935,0.33968781
3936,0.88632811
3937,0.19880716
3938,0.5172544
3939,0.70963886
3940,0.84967706
3941,0.74710323
3942,0.87185016
3943,0.91807121
3944,0.85958516
3945,0.54327024
3946,0.3864228
3947,0.40296991
3948,0.13343177
3949,0.11381718
3950,0.60253726
3951,0.81652697
3952,0.98545695
3953,0.8964049
3954,0.9553721
3955,0.88901231
3956,0.7299261
3957,0.83919386
3958,0.86260084
3959,0.9026457
3960,0.0478438
3961,0.30080909
3962,0.57424955
3963,0.50341384
3964,0.4113081
3965,0.28559171
3966,0.98856789
3967,0.67533033
3968,0.21376352
3969,0.21460971
3970,0.89680377
3971,0.68064078
3972,0.87941833
3973,0.89891278
3974,0.9374386
3975,0.36831104
3976,0.30440358
3977,0.34210517
3978,0.46329488
3979,0.089569403
3980,0.70811338
3981,0.54645258
3982,0.96166308
3983,0.37533228
3984,0.92801086
3985,0.96457529
3986,0.67684477
3987,0.89345628
3988,0.89071269
3989,0.93701288
3990,0.93820041
3991,0.89596983
3992,0.53168531
3993,0.95190651
3994,0.66889569
3995,0.78108452
3996,0.040156385
3997,0.56287923
3998,0.3424214
3999,0.88373732
4000,0.93683394
4001,0.74297519
4002,0.8642729
4003,0.88758121
4004,0.8944654
4005,0.48250662
4006,0.38056017
4007,0.56662058
4008,0.67772491
4009,0.58617767
4010,0.036759737
4011,0.46390919
4012,0.33541992
4013,0.10793525
4014,0.0050288833
4015,0.99543943
4016,0.66504896
4017,0.88613375
4018,0.84559397
4019,0.93009084
4020,0.93668361
4021,0.72284357
4022,0.7938776
4023,0.9811757
4024,0.26286081
4025,0.084626639
4026,0.68023639
4027,0.60725739
4028,0.14863255
4029,0.37715925
4030,0.92973373
4031,0.66505964
4032,0.95556414
4033,0.8515087
4034,0.96203602
4035,0.13203882
4036,0.99038528
4037,0.069973149
4038,0.3471863
4039,0.65684648
4040,0.57025587
4041,0.72359591
4042,0.21990078
4043,0.63286879
4044,0.43794656
4045,0.93201809
4046,0.78983392
4047,0.83773461
4048,0.83861513
4049,0.89238394
4050,0.20518125
4051,0.71176376
4052,0.12026277
4053,0.23492644
4054,0.71271092
4055,0.093624528
4056,0.63345504
4057,0.54847192
4058,0.71155643
4059,0.27145292
4060,0.78785486
4061,0.73731192
4062,0.87520472
4063,0.88351885
4064,0.92206861
4065,0.75285784
4066,0.85180595
4067,0.053575171
4068,0.56323762
4069,0.53999609
4070,0.42174648
4071,0.3991934
4072,0.99977312
4073,0.0021220248
4074,0.25940116
4075,0.91093931
4076,0.7708382
4077,0.89797983
4078,0.78657054
4079,0.9266982
4080,0.75897416
4081,0.11356634
4082,0.20350405
4083,0.060950222
4084,0.22165275
4085,0.055848321
4086,0.58229481
4087,0.96647199
4088,0.82381657
4089,0.75978347
4090,0.81332703
4091,0.75847541
4092,0.88986081
4093,0.912228
4094,0.91996507
4095,0.73825699
4096,0.79814171
4097,0.4128044
4098,0.91053578
4099,0.82898189
4100,0.79681579
4101,0.6861816
4102,0.74455771
4103,0.29810486
4104,0.79104032
4105,1.0075657
4106,0.66113673
4107,0.92812803
4108,0.77781906
4109,0.86851191
4110,0.9522051
4111,0.24895228
4112,0.54697709
4113,0.7174696
4114,0.79675142
4115,0.91892249
4116,0.84483345
4117,0.63057279
4118,0.86233921
4119,0.42706235
4120,0.83543068
4121,0.75671138
4122,0.86252059
4123,0.81534046
4124,0.95549506
4125,0.44293467
4126,0.94602038
4127,0.19915718
4128,0.56835392
4129,0.4646994
4130,0.58446484
4131,0.11628753
4132,0.32677374
4133,0.46540342
4134,0.80861251
4135,0.79394752
4136,0.75809114
4137,0.85922426
4138,0.85127514
4139,0.85576573
4140,0.62042519
4141,0.19002548
4142,0.52112205
4143,0.076272889
4144,0.83130168
4145,0.20379685
4146,0.23337541
4147,0.1766612
4148,0.77714644
4149,0.38786289
4150,0.83178732
4151,0.72566459
4152,0.93881076
4153,0.82054483
4154,0.8438545
4155,0.2418723
4156,0.3567872
4157,0.92884514
4158,0.70089217
4159,0.052305221
4160,0.67115104
4161,0.12826506
4162,0.86872654
4163,0.16356616
4164,0.032335553
4165,0.81039066
4166,0.7251233
4167,1.0135466
4168,0.78885266
4169,0.86246639
4170,0.094807682
4171,0.77723243
4172,0.32977967
4173,0.86098152
4174,0.19569573
4175,0.096226761
4176,0.51266553
4177,0.42431077
4178,0.15134056
4179,0.60447846
4180,0.89610063
4181,0.6906238
4182,0.99679121
4183,0.92014125
4184,0.84391352
4185,0.31175495
4186,0.74084363
4187,0.57677586
4188,0.53124287
4189,0.57507827
4190,0.64507233
4191,0.69530681
4192,0.43992312
4193,0.74655143
4194,0.92685957
4195,0.86540414
4196,0.75519127
4197,0.87106454
4198,0.93255596
4199,1.0087594
4200,0.59704523
4201,0.18675954
4202,0.77499418
4203,0.7680579
4204,0.095945002
4205,0.95914134
4206,0.22604544
4207,0.42548312
4208,0.76629936
4209,0.52231478
4210,1.0090483
4211,0.79500572
4212,0.98664189
4213,0.78848233
4214,0.89494067
4215,0.56085674
4216,0.28807064
4217,0.97643856
4218,0.27821104
4219,0.32617617
4220,0.048602298
4221,0.39909391
4222,0.24350437
4223,0.46462777
4224,0.90913902
4225,0.85919145
4226,0.75628946
4227,0.99653718
4228,0.84082339
4229,0.97386217
4230,0.99334276
4231,0.91287543
4232,0.81377958
4233,0.44087647
4234,0.93927374
4235,0.13821634
4236,0.3390898
4237,0.8062926
4238,0.12609883
4239,0.92573618
4240,0.86879919
4241,0.73228481
4242,0.87701473
4243,0.89013216
4244,0.90317649
4245,0.87618434
4246,0.039022977
4247,0.33461939
4248,0.83251332
4249,0.95805948
4250,0.2438731
4251,0.75708394
4252,0.53511727
4253,0.93755924
4254,0.44787273
4255,0.85696494
4256,0.72907949
4257,0.86613055
4258,0.84662443
4259,0.95371975
4260,0.30807691
4261,0.62563639
4262,0.68712911
4263,0.15840608
4264,0.48998367
4265,0.99499026
4266,0.88045693
4267,0.18838954
4268,0.85984571
4269,0.053000053
4270,0.91047571
4271,0.71475594
4272,0.95473848
4273,0.93203769
4274,0.91202135
4275,0.68039499
4276,0.35456934
4277,0.88990423
4278,0.36322862
4279,0.1226239
4280,0.40153635
4281,0.097281349
4282,0.13492064
4283,0.1792095
4284,0.11549381
4285,0.81552482
4286,0.71335044
4287,0.92930239
4288,0.87537862
4289,1.0170292
4290,0.16923796
4291,0.95119709
4292,0.098756312
4293,0.72937194
4294,0.16264302
4295,0.61553188
4296,0.23680481
4297,0.55348342
4298,0.52507308
4299,0.99130692
4300,0.94719848
4301,0.71728542
4302,0.85193671
4303,0.84276889
4304,0.87890248
4305,0.73071802
4306,0.054188841
4307,0.9122189
4308,0.58736174
4309,0.81950887
4310,0.98099711
4311,0.32456201
4312,0.40029288
4313,0.13886484
4314,0.47910978
4315,0.93202052
4316,0.69262161
4317,0.97544209
4318,0.88308159
4319,0.93173515
4320,0.4794191
4321,0.55049535
4322,0.68757925
4323,0.33771199
4324,0.52292776
4325,0.073094306
4326,0.21408145
4327,0.64207942
4328,0.22930625
4329,0.10166243
4330,0.88767509
4331,0.76689296
4332,0.84680103
4333,0.87328724
4334,0.98872162
4335,0.45096349
4336,0.51106409
4337,0.20423567
4338,0.66083609
4339,0.89511815
4340,0.3845822
4341,0.83286482
4342,0.61354588
4343,0.49672068
4344,0.94490865
4345,0.86334314
4346,0.74106163
4347,0.94698386
4348,0.83225718
4349,0.89689413
4350,0.37471114
4351,0.0060109731
4352,0.52085048
4353,0.59708292
4354,0.21377757
4355,0.40438386
4356,0.54369499
4357,0.11897538
4358,0.47523516
4359,0.81102022
4360,0.88326701
4361,0.72133172
4362,0.90508475
4363,0.79095122
4364,0.80772381
4365,0.30429847
4366,0.49740828
4367,0.8423879
4368,0.12501438
4369,0.38064229
4370,0.95058159
4371,0.38204092
4372,0.59356077
4373,0.53077814
4374,0.8818992
4375,0.9491758
4376,0.68817746
4377,0.80807948
4378,0.84207723
4379,0.94759622
4380,0.51336399
4381,0.70870462
4382,0.064931535
4383,0.26221899
4384,0.74766998
4385,0.38333993
4386,0.72592766
4387,0.8210194
4388,0.43675193
4389,0.49231313
4390,0.89770598
4391,0.77340123
4392,0.87669354
4393,0.85264874
4394,0.91090292
4395,0.032632572
4396,0.034630061
4397,0.4967222
4398,0.16688971
4399,0.7794895
4400,0.96174561
4401,0.79536157
4402,0.22665314
4403,0.95751435
4404,0.207912
4405,0.78668592
4406,0.74863005
4407,0.81069107
4408,0.85961909
4409,0.98763352
4410,0.44273998
4411,0.92586854
4412,0.81131916
4413,0.80583826
4414,0.92583799
4415,0.47212287
4416,0.57054822
4417,0.95713916
4418,0.17889923
4419,0.78251578
4420,0.87473639
4421,0.80074435
4422,0.81614026
4423,0.80690351
4424,0.92617417
4425,0.47587902
4426,0.59323579
4427,0.32990398
4428,0.53825033
4429,0.15555259
4430,0.80223702
4431,0.6556931
4432,0.90941148
4433,0.50508608
4434,0.8311115
4435,0.85319596
4436,0.70786862
4437,0.87961135
4438,0.89232185
4439,0.91633642
4440,0.89559653
4441,0.45299861
4442,0.78296819
4443,0.85971704
4444,0.5827812
4445,0.25150379
4446,0.86133475
4447,0.57083663
4448,0.97570713
4449,0.70544119
4450,0.85416668
4451,0.77149292
4452,0.91206823
4453,0.73331183
4454,0.79050158
4455,0.26117617
4456,0.60896146
4457,0.31920578
4458,0.45897387
4459,0.7714783
4460,0.23351581
4461,0.083582114
4462,0.11192264
4463,0.34931954
4464,0.99390364
4465,0.90479147
4466,0.7566711
4467,0.8996626
4468,0.81761671
4469,0.87107807
4470,0.33195802
4471,0.45112379
4472,0.86513265
4473,0.90309761
4474,0.95484731
4475,0.95356905
4476,0.49266691
4477,0.70300439
4478,0.025692285
4479,0.039603847
4480,0.80069443
4481,0.75087342
4482,0.95223482
4483,0.80466262
4484,0.87575264
4485,0.84408072
4486,0.73837651
4487,0.97614654
4488,0.60816099
4489,0.22734148
4490,0.20991508
4491,0.17869903
4492,0.55935707
4493,0.86134818
4494,0.10532018
4495,0.85889568
4496,0.79781417
4497,0.9333828
4498,0.91627555
4499,0.90414234
